QS World University Rankings by Faculty Area,Unnamed: 1,Unnamed: 2,Unnamed: 3,Unnamed: 4,Unnamed: 5,Unnamed: 6,Unnamed: 7,Unnamed: 8,Unnamed: 9
Chemistry,,,,,,,,,
,,,,Institutions Considered,,1597,,,
,,,,,,,,,
,,,,,,,,,
,,,,,Weightings,,,,
,,,,Academic,0.4,,,,
,,,,Employer,0.3,,,,
,,,,Citations,0.1,,,,
,,,,H,0.1,,,,
,,,,IRN,0.1,,,,
Top 650 Universities - Chemistry,,,,,,,,,
2024,2023,Institution,Location,Academic,Employer,Citations,H,International,Score
1,1  ,Harvard University,United States,97.8,100,96.8,88.9,86.1,95.6
2,2  ,Massachusetts Institute of Technology (MIT) ,United States,100,99.3,97.6,90.6,69.9,95.1
3,3  ,University of Cambridge,United Kingdom,97.7,97.7,94.2,87.5,87.8,94.7
4,4  ,Stanford University,United States,96.2,96.4,99.7,90.6,72.5,93.6
5,5  ,University of Oxford,United Kingdom,97.6,97.6,90.5,82.7,87.2,93.3
6,6  ,"University of California, Berkeley (UCB)",United States,96.5,92.1,97.4,88.9,65.3,91.5
7,8  ,National University of Singapore (NUS),Singapore,91.6,91.8,95.9,89.7,70.1,89.9
8,7  ,ETH Zurich - Swiss Federal Institute of Technology,Switzerland,93.3,96.5,89.6,83.5,71.4,89.7
9,10  ,EPFL,Switzerland,92.7,89.1,94.3,84.6,77.1,89.4
10,11  ,"Nanyang Technological University, Singapore (NTU)",Singapore,90.2,88.2,98.1,92.6,70.1,89.3
11,9  ,Imperial College London,United Kingdom,89.2,89,90.1,81.8,95.8,88.8
12,12  ,California Institute of Technology (Caltech),United States,93,91.1,96.6,78.4,58.2,87.5
13,18  ,Tsinghua University,China (Mainland),86.4,90.3,93,94.9,59.3,86.7
14,17  ,Peking University,China (Mainland),87.5,88.1,92.4,95.6,54.1,86.2
15,14  ,The University of Tokyo,Japan,90.9,87.7,85.2,81.7,66.6,85.6
16,13  ,Northwestern University,United States,88.8,77.4,96.9,86.2,69,85.4
17,15  ,"University of California, Los Angeles (UCLA)",United States,87.6,87.1,94.1,80.5,62.4,84.9
18,16  ,University of Toronto,Canada,85,86.4,90.8,80.5,75.9,84.6
19,20=,The University of Manchester,United Kingdom,83.1,83.2,88.2,77.7,81.2,82.9
20,22  ,Technical University of Munich,Germany,86.9,79.2,85.9,77.7,74.6,82.6
21,19  ,UCL,United Kingdom,81.4,80.3,88.6,76.9,87.6,82.2
22,20=,Yale University,United States,83.6,88.4,94.6,76.6,50.6,81.9
23,36  ,RUDN University,Russia,89.9,83.8,80.3,59.3,76.1,81.3
=24,30  ,Université de Strasbourg,France,84.4,70.2,85.7,74.1,94.5,81.2
=24,23=,University of Texas at Austin,United States,79.3,80.3,96,84.8,63,81.2
26,26  ,University of Illinois at Urbana-Champaign,United States,81.6,83.3,91,80.2,60.3,81
27,29  ,Kyoto University,Japan,85.4,78.6,84.5,81.4,61.1,80.9
28,31=,KU Leuven,Belgium,77.7,80,86.9,76.2,92.1,80.8
29,31=,"University of California, San Diego (UCSD)",United States,77.5,78.6,94.4,80.7,76,80.6
30,31=,Cornell University,United States,79.6,80.5,92.6,79.6,65.4,80.3
31,27  ,Seoul National University,South Korea,82.1,85.7,85.1,76,61,80.2
=32,40  ,Fudan University,China (Mainland),77.4,81.8,91,86.4,59.2,79.9
=32,23=,Princeton University,United States,82.5,82.9,94.4,74.6,49.6,79.9
34,37  ,Zhejiang University,China (Mainland),75.7,81.7,86.7,89.3,67.8,79.8
35,28  ,KAIST - Korea Advanced Institute of Science & Technology,South Korea,84,81.3,88.9,75.3,49.5,79.4
=36,42=,Delft University of Technology,Netherlands,77.9,87,91.8,71.6,62.3,79.3
=36,48  ,Shanghai Jiao Tong University,China (Mainland),77.7,80.1,87.4,86.2,61.2,79.3
=38,49  ,University of British Columbia,Canada,78.3,85.1,86.8,72.9,67.8,79.1
=38,38  ,University of Michigan-Ann Arbor,United States,76.3,80.7,90.8,78.5,70.4,79.1
40,39  ,Monash University,Australia,78.9,77,89,78.7,68.2,78.9
41,51=,McGill University,Canada,77.6,83.2,86.9,71.4,73.7,78.8
=42,41  ,King Abdulaziz University (KAU),Saudi Arabia,71.3,70.4,92.1,82.9,98.6,78.7
=42,31=,Sorbonne University,France,75.5,77.7,84.6,77.1,87.2,78.7
=42,35  ,The University of Melbourne,Australia,78.7,79.2,85.9,72.6,75.9,78.7
45,42=,Georgia Institute of Technology,United States,76.1,80.3,94.7,81.8,54.6,78.4
46,51=,The University of Queensland,Australia,74.7,74.9,89.1,79.6,80.4,78.2
47,59=,"KIT, Karlsruhe Institute of Technology",Germany,78.8,75.7,82.5,74.3,79.2,78.1
=48,46  ,Columbia University,United States,79.2,76.8,93.7,75.7,55.2,78
=48,51=,Ludwig-Maximilians-Universität München,Germany,83.3,71,85.1,70.5,71.4,78
=48,44=,Tokyo Institute of Technology (Tokyo Tech),Japan,85.1,80.4,78.1,70.7,55.7,78
=51,55  ,The Hong Kong University of Science and Technology,Hong Kong SAR,76.3,76.5,96.5,82.2,52.6,77.9
=51,25  ,University of Chicago,United States,79.7,77.2,91.6,71.6,61.1,77.9
=53,56=,Nanjing University,China (Mainland),75.2,69.8,92.8,91.8,60.4,77.8
=53,50  ,University of Science and Technology of China,China (Mainland),73.2,71.1,92.4,94.1,62.9,77.8
55,47  ,University of Pennsylvania,United States,75.9,80.9,90.7,74.4,62.7,77.6
56,62=,The University of New South Wales (UNSW Sydney),Australia,76.1,77.3,89.7,76.6,63.9,77.2
57,54  ,Purdue University,United States,74.1,86.6,84.7,74.3,62,77
58,59=,Osaka University,Japan,82,77.1,78.6,71.6,60.1,76.8
59,62=,"University of California, Santa Barbara (UCSB)",United States,76.1,74,95.1,76.6,56.4,76.6
=60,77=,National Taiwan University (NTU),Taiwan,78.5,76.1,85.1,71.6,62.8,76.4
=60,64=,The University of Edinburgh,United Kingdom,76.5,75.7,86.3,69.4,73.3,76.4
=60,44=,University of Wisconsin-Madison,United States,74.7,73.3,91.6,79.5,62.3,76.4
63,56=,Johns Hopkins University,United States,74.1,79.3,87.8,72.7,64.2,76
=64,77=,The University of Hong Kong,Hong Kong SAR,75.9,79.5,91.7,75.9,45.1,75.9
=64,67  ,The University of Sydney,Australia,74.8,79.1,88.3,72.6,60.7,75.9
66,66  ,RWTH Aachen University,Germany,74.8,72.6,84.7,74.3,75,75.8
67,73=,Technische Universität Berlin (TU Berlin),Germany,74.9,72.2,89.5,73.3,68.3,75.7
=68,56=,Lomonosov Moscow State University,Russia,77.7,88.3,65.2,63.6,74.9,75.6
=68,64=,Ruprecht-Karls-Universität Heidelberg,Germany,76.6,75.7,85.2,69,66.5,75.6
70,90=,Universidade de São Paulo,Brazil,75.1,80.5,76.3,70.1,72.5,75.4
=71,83=,King Abdullah University of Science & Technology (KAUST),Saudi Arabia,72.2,68.7,97,81.8,58.9,75.3
=71,,University of Chinese Academy of Sciences,China (Mainland),69.6,59.4,89.6,100,71.3,75.3
=71,83=,Uppsala University,Sweden,74.8,70.5,84.3,70.7,79.8,75.3
74,90=,Freie Universitaet Berlin,Germany,78.5,66.8,85.4,67.4,75.4,75.2
=75,77=,Université Paris-Saclay,France,70.9,71,79.5,73.9,95.3,75.1
=75,68=,University of Groningen,Netherlands,74.7,68.5,90.5,72.7,70.3,75.1
=75,75=,Yonsei University,South Korea,74.1,78.8,85.6,75.5,55.7,75.1
=78,73=,Technical University of Denmark,Denmark,74,70.8,86.8,71.4,74.4,74.9
=78,72  ,Texas A&M University,United States,71.8,70,88.5,74.1,78.3,74.9
=78,70=,University of Bristol,United Kingdom,75.5,71.2,88,69.4,68.5,74.9
81,68=,"University of North Carolina, Chapel Hill",United States,73.4,64.5,94,74.4,70.6,74.6
=82,88=,Pennsylvania State University,United States,69.8,77.1,89.4,75.7,63.6,74.5
=82,90=,University of Glasgow,United Kingdom,73.1,72.1,87.5,69.2,72.9,74.5
=84,77=,Eindhoven University of Technology,Netherlands,73.8,76.7,87.6,70.5,57.9,74.4
=84,59=,University of Minnesota Twin Cities,United States,72.6,72.7,87.3,74.8,65.4,74.4
86,88=,"Trinity College Dublin, The University of Dublin",Ireland,73.9,77.1,90.3,63.9,62.2,74.3
=87,87  ,KTH Royal Institute of Technology ,Sweden,72.2,72,85.5,70.3,74.7,74.1
=87,151-200,Tianjin University,China (Mainland),66.6,77.6,88,89.4,53.4,74.1
=89,83=,King's College London,United Kingdom,70.1,76.1,87.8,67.4,74.4,74
=89,70=,Pohang University of Science And Technology (POSTECH),South Korea,75.5,79.7,85.7,70.3,44.9,74
91,75=,The Australian National University,Australia,71.9,77.1,85.2,67.2,65.9,73.6
92,126=,Universidad Nacional Autónoma de México (UNAM),Mexico,74.2,85.9,71.9,60.2,68.5,73.5
=93,94=,University of Nottingham,United Kingdom,70.1,75.9,84.7,66.9,74.4,73.4
=93,98=,University of Washington,United States,67.1,72.8,92,76.9,66.2,73.4
=95,105  ,Hokkaido University,Japan,74.8,70.4,81.7,71.6,62.6,73.3
=95,116=,Indian Institute of Technology Bombay (IITB),India,79.1,82,79.2,65,36.2,73.3
=97,77=,Korea University,South Korea,67.9,76.1,88.4,77.4,58.4,73.1
=97,94=,Lund University,Sweden,72.9,70.4,82,66.2,76.7,73.1
=99,98=,Ghent University,Belgium,68,68.6,84.6,71.8,84.6,72.8
=99,90=,Université PSL,France,65.3,71.4,87.2,76.2,79.3,72.8
=101,106=,Duke University,United States,68.1,75.3,91.6,69.7,61.5,72.6
=101,101=,Nagoya University,Japan,76.2,72.3,79.7,68.6,54.4,72.6
=101,96=,Tohoku University,Japan,75.6,75.3,74.7,66.5,61.2,72.6
=101,103  ,Universitat de Barcelona,Spain,72.6,66.8,80.9,66.7,80.7,72.6
=101,106=,University of Copenhagen,Denmark,72.2,66,85.4,71.1,70.3,72.6
=106,121=,King Saud University,Saudi Arabia,64.1,68.6,80.1,74.4,100,72.5
=106,113  ,Technische Universität Dresden,Germany,69,65.8,86.6,70.9,81.3,72.5
=108,145=,Humboldt-Universität zu Berlin,Germany,77.4,69.2,82.6,60.8,60.8,72.4
=108,77=,Indian Institute of Science,India,75.6,73.7,81.8,67.4,50.1,72.4
=110,98=,Kyushu University,Japan,72.9,72.7,81,70.1,58.3,72.2
=110,121=,University of Basel,Switzerland,70.1,68,87.4,66.2,74.9,72.2
=110,121=,University of Birmingham,United Kingdom,69.9,76.3,83,64.7,68.6,72.2
113,111=,Utrecht University,Netherlands,68.6,70.3,89.7,70.3,65.8,72.1
114,140=,Universidad Autónoma de Madrid,Spain,69.2,63.4,85.4,72.4,79.7,72
=115,111=,Alma Mater Studiorum - University of Bologna,Italy,72.4,75.4,79.3,65.7,61.5,71.9
=115,116=,The University of Adelaide,Australia,65.7,68.8,100,71.6,61.6,71.9
=117,106=,The University of Warwick,United Kingdom,65.9,71.3,87.8,71.4,72.5,71.8
=117,116=,Universidade Estadual de Campinas (Unicamp),Brazil,74.1,73.7,78.2,67.2,56.5,71.8
=117,126=,University of Bath,United Kingdom,64.9,72.7,94.4,72.7,61.9,71.8
=120,124=,Carnegie Mellon University,United States,68.1,73.3,90.6,66.7,61.7,71.7
=120,134=,Université de Montréal ,Canada,73.6,70.7,80.8,62.8,65.3,71.7
=120,101=,University of Alberta,Canada,71.9,69.1,82.8,70.9,61,71.7
=123,124=,Hanyang University,South Korea,67.1,74.1,88.9,70.3,60.2,71.6
=123,134=,Stockholm University,Sweden,68.3,66.6,87.3,70.7,72.1,71.6
=123,83=,The Scripps Research Institute (TSRI),United States,78.6,52.6,95.6,71.4,45.4,71.6
=123,106=,University of Amsterdam,Netherlands,69.3,74.8,86,66.7,59.7,71.6
=123,130=,"University of California, Davis",United States,66.5,73.3,84.9,71.4,69.2,71.6
128,110  ,University of Liverpool,United Kingdom,68.1,70.4,88.3,66.9,68.7,71.5
=129,114=,King Fahd University of Petroleum & Minerals,Saudi Arabia,66.5,71.5,87.6,68.1,70.2,71.3
=129,104  ,Universiti Malaya (UM),Malaysia,72.8,69.5,79.5,61.4,71,71.3
=131,149=,The University of Sheffield,United Kingdom,63.1,75.2,87.7,66.7,76,71
=131,151-200,University of Helsinki,Finland,69.6,65.6,84.5,63.6,77.9,71
=133,142=,University of Waterloo,Canada,63.6,75.4,89.7,72.2,61.1,70.9
=133,114=,Wuhan University,China (Mainland),65.6,63.7,92.3,86,52.1,70.9
135,151-200,Indian Institute of Technology Delhi (IITD),India,74.5,76.9,76.2,59.9,52.4,70.8
136,151-200,Chalmers University of Technology,Sweden,68.4,70,84.6,65.5,67.1,70.6
=137,151-200,University of Leeds,United Kingdom,67.5,71.4,82.1,63.4,73.7,70.5
=137,116=,University of Vienna,Austria,66.8,61.4,85.8,69.7,81.4,70.5
=139,96=,Sungkyunkwan University(SKKU),South Korea,66.6,74.8,84.3,70.5,55.4,70.4
=139,129  ,University of Göttingen,Germany,67.6,60.6,90.4,71.4,69.6,70.4
=141,,Politecnico di Milano,Italy,69.7,81.2,77.9,59,56.3,70.3
=141,136=,Rice University,United States,70.7,59.7,92.7,70.9,55.7,70.3
=143,116=,Leiden University,Netherlands,69.7,67.1,86.8,66.2,59.7,70.2
=143,151-200,Nankai University,China (Mainland),64.9,56.1,93.2,90,55.2,70.2
=143,138=,Saint Petersburg State University,Russia,68.6,74.5,70.8,60.8,80.8,70.2
=143,151-200,The Ohio State University,United States,63.6,73.3,85.5,69.7,68,70.2
147,130=,University of Florida,United States,60.5,63.6,89.6,77.6,81,70.1
=148,149=,The Chinese University of Hong Kong (CUHK),Hong Kong SAR,67.5,74.9,92.5,73.5,31,70
=148,126=,University of Southampton,United Kingdom,63.8,70.6,85.3,67.4,74.2,70
=150,142=,Durham University,United Kingdom,65.8,71.2,89,62.5,66.3,69.9
=150,151-200,Indian Institute of Technology Madras (IITM),India,72.7,75.5,79.8,62.5,44.2,69.9
=150,151-200,Sapienza University of Rome,Italy,64.1,71.3,78.8,64.2,85.2,69.9
=150,148  ,The University of Auckland,New Zealand,67.5,74.6,85.8,63.9,55.5,69.9
=150,151-200,University of Bordeaux,France,69,55.4,85.2,69.9,79.1,69.9
151-200,151-200,Aarhus University,Denmark,69.1,62.2,83.9,65.5,58.8,
151-200,151-200,Beijing Institute of Technology,China (Mainland),63.5,63.6,87.5,82.8,44.8,
151-200,151-200,Boston University,United States,64.6,66.4,82.3,62.5,64.3,
151-200,145=,Cardiff University,United Kingdom,64.4,70.4,86.2,64.7,67.2,
151-200,201-250,City University of Hong Kong,Hong Kong SAR,63,63.7,93,80.2,57.3,
151-200,138=,Friedrich-Alexander-Universität Erlangen-Nürnberg,Germany,68.7,61.5,82.7,71.1,69,
151-200,201-250,Harbin Institute of Technology,China (Mainland),62,67.3,87.5,81.7,53.2,
151-200,151-200,Huazhong University of Science and Technology,China (Mainland),60.4,62,89.3,83.7,62.4,
151-200,151-200,Indian Institute of Technology Kanpur (IITK),India,73.5,72.8,79.2,58.7,42.3,
151-200,201-250,Indian Institute of Technology Kharagpur (IIT-KGP),India,68.1,72.1,78.7,62.3,54.6,
151-200,140=,Jilin University,China (Mainland),65.2,58.8,86.1,84.5,53.8,
151-200,151-200,Michigan State University,United States,65.5,69.4,84.7,66.5,60.8,
151-200,151-200,National Tsing Hua University,Taiwan,67.8,73,80.6,65.5,50.6,
151-200,151-200,Newcastle University,United Kingdom,63.8,72.8,84.8,61.4,69.2,
151-200,201-250,Queensland University of Technology (QUT),Australia,60.4,63.5,91.1,68.6,68.1,
151-200,251-300,Sichuan University,China (Mainland),62.5,66.9,85.2,85.8,52.1,
151-200,301-350,South China University of Technology,China (Mainland),66.4,42.5,90.5,88.8,59.8,
151-200,151-200,Sun Yat-sen University,China (Mainland),60,53.3,91.5,86,61.6,
151-200,151-200,Technische Universität Wien,Austria,65.2,64.9,87,62,67.1,
151-200,201-250,The Hong Kong Polytechnic University,Hong Kong SAR,62.2,65.4,92.7,76,40.8,
151-200,151-200,Universidad de Buenos Aires (UBA),Argentina,69.8,82.5,74.1,53,56.2,
151-200,201-250,Universidade Federal do Rio de Janeiro,Brazil,68.4,67.8,72.9,59.9,64.4,
151-200,151-200,Universitat Autònoma de Barcelona,Spain,66,63.4,85.3,65.5,67.9,
151-200,151-200,Universitat de Valencia,Spain,62.5,62.3,82.6,66.9,86.5,
151-200,151-200,Université Claude Bernard Lyon 1,France,64,59.9,77.6,66,82.4,
151-200,151-200,Université de Montpellier,France,66.6,51.9,81.6,71.6,92.8,
151-200,132=,Université Grenoble Alpes,France,64.7,63.1,81,68.1,74.1,
151-200,201-250,Université Paul Sabatier Toulouse III,France,67.5,41.5,84.1,69.4,90.8,
151-200,201-250,Universiti Putra Malaysia (UPM),Malaysia,64.7,63.2,79.9,62.3,73.5,
151-200,151-200,Universiti Sains Malaysia (USM),Malaysia,67.7,65.8,79.6,62.8,74.4,
151-200,151-200,"University of California, Irvine",United States,65.7,62.5,90.1,73.9,57.5,
151-200,151-200,University of Colorado Boulder,United States,61.7,69.9,90.1,69.9,57.3,
151-200,151-200,University of Geneva,Switzerland,65.2,64.4,87.7,69.2,55.2,
151-200,151-200,University of Illinois at Chicago (UIC),United States,65.8,64.8,87.3,65,62,
151-200,151-200,University of Lisbon ,Portugal,65.8,60.5,80.3,67.9,80.5,
151-200,151-200,University of Massachusetts Amherst,United States,66.9,64.8,91.8,66.7,49.6,
151-200,151-200,University of Milan,Italy,63.8,70.8,78,61.7,73.8,
151-200,151-200,University of St Andrews,United Kingdom,68.6,64.2,83.9,61.4,64.4,
151-200,151-200,University of Strathclyde,United Kingdom,61.7,67.1,87,66.9,63.4,
151-200,151-200,University of Twente,Netherlands,64.5,71.5,82.6,59,61.7,
151-200,145=,University of Wollongong,Australia,62.2,58.2,95.6,76.6,63.6,
151-200,151-200,University of York,United Kingdom,64.7,69.9,86.7,63.1,60.5,
151-200,136=,University of Zurich,Switzerland,67.2,68.3,86.1,66.7,60.7,
151-200,132=,Westfälische Wilhelms-Universität Münster ,Germany,68.3,52.1,88.3,74.3,70.1,
151-200,151-200,Xi’an Jiaotong University,China (Mainland),57.3,65.8,87.6,82,68.5,
151-200,142=,Xiamen University,China (Mainland),65.7,50.7,91.4,85.8,66,
201-250,201-250,Aix-Marseille University,France,61.3,52.4,83.2,69.2,80.7,
201-250,151-200,Albert-Ludwigs-Universitaet Freiburg,Germany,65.7,62,84.5,62.8,61.6,
201-250,251-300,Cairo University,Egypt,59.9,73.6,75.1,61.1,58.4,
201-250,201-250,Chulalongkorn University,Thailand,66.2,65.8,81.5,64.2,50.9,
201-250,151-200,Complutense University of Madrid,Spain,64,64.1,81.4,64.4,59.8,
201-250,151-200,Curtin University,Australia,61.2,64.7,89.2,65,65.2,
201-250,301-350,Deakin University,Australia,62.3,57.4,88.6,68.8,59.2,
201-250,151-200,East China University of Science and Technology,China (Mainland),62.4,52.2,85.9,84.1,58.7,
201-250,201-250,Goethe-University Frankfurt am Main,Germany,58.9,64.7,83.3,59.6,68.4,
201-250,201-250,Institut Polytechnique de Paris,France,59.4,70.6,83.4,57.3,68.1,
201-250,151-200,Johannes Gutenberg Universität Mainz,Germany,62.4,53.9,83.7,64.2,67.5,
201-250,201-250,Linköping University,Sweden,57.5,63.3,89.1,61.4,68.6,
201-250,201-250,McMaster University,Canada,64,73.1,82.1,59.3,55.7,
201-250,201-250,New York University (NYU),United States,61.2,70.8,90.3,65.2,42.9,
201-250,201-250,North Carolina State University,United States,57.3,66,87.2,71.1,63.8,
201-250,151-200,Novosibirsk State University,Russia,67.1,75.5,66.8,56,61.8,
201-250,201-250,Pontificia Universidad Católica de Chile (UC),Chile,69,83.8,67.4,46.4,44.2,
201-250,251-300,Qatar University,Qatar,55.4,62.5,86.4,62.8,80,
201-250,201-250,Queen Mary University of London,United Kingdom,55.9,70.2,86.7,63.6,71.3,
201-250,201-250,Queen's University Belfast,United Kingdom,57.5,66.9,87.3,63.4,69.8,
201-250,201-250,RMIT University,Australia,57.1,61.8,86.4,68.6,62.8,
201-250,201-250,Ruhr-Universität Bochum,Germany,61,50.7,86.6,68.3,69.8,
201-250,151-200,Rutgers University–New Brunswick,United States,59.1,67.5,91.3,66.9,54.4,
201-250,201-250,Shanghai University,China (Mainland),62.1,56.5,87.7,81,53.1,
201-250,201-250,Technion - Israel Institute of Technology,Israel,67.7,55.4,85,65.2,47.4,
201-250,201-250,The Hebrew University of Jerusalem,Israel,67.4,49.4,85.2,65.5,50.2,
201-250,201-250,Tokyo University of Science,Japan,73.1,61.5,75.5,58,32.2,
201-250,151-200,Ulsan National Institute of Science and Technology (UNIST),South Korea,63.6,62.1,92.4,72.4,34.5,
201-250,201-250,Universidad de Chile,Chile,66.6,78.7,73.8,47.9,49.3,
201-250,151-200,Università di Padova,Italy,59.8,71.1,78.6,61.4,71.6,
201-250,201-250,Universität Hamburg,Germany,60.8,67.5,82.3,62.3,74.7,
201-250,,Universitat Politècnica de Catalunya · BarcelonaTech (UPC),Spain,62.7,63.8,81.2,56.3,66.3,
201-250,,Universitat Politècnica de València,Spain,61.5,60.4,88.3,65,73.8,
201-250,201-250,Université catholique de Louvain (UCLouvain),Belgium,62.3,67.8,82.1,59,70,
201-250,201-250,Université de Lille,France,64.8,57.4,78,62.3,86.8,
201-250,201-250,Université Paris Cité,France,57.6,53.8,83.8,69.9,81.6,
201-250,251-300,Universiti Kebangsaan Malaysia (UKM),Malaysia,64.6,64.1,78.6,55.6,59.3,
201-250,251-300,Universiti Teknologi Malaysia ,Malaysia,62.6,64,79.1,60.2,67.5,
201-250,201-250,University College Dublin,Ireland,58.8,71.5,81.5,60.5,59.5,
201-250,151-200,University of Calgary,Canada,62.1,70.8,84.6,61.1,60.6,
201-250,201-250,University of Florence,Italy,65.2,53.3,78.3,61.4,71.2,
201-250,201-250,"University of Maryland, College Park",United States,52.1,67.4,91.7,74.8,54.4,
201-250,151-200,University of Ottawa,Canada,59.7,59.8,85.7,66.9,70.9,
201-250,201-250,University of Pisa,Italy,60.5,68.1,79.2,62,59.9,
201-250,201-250,University of Pittsburgh,United States,57.2,61.7,88,66.7,66.1,
201-250,201-250,University of Porto,Portugal,60,57.9,80.2,65,77.4,
201-250,151-200,University of Southern California,United States,59.4,66.8,87.1,66,56.3,
201-250,201-250,University of Technology Sydney,Australia,59.8,61.1,91.8,66,59.9,
201-250,251-300,Washington State University,United States,59.8,62.6,89,67.4,53.1,
201-250,251-300,Western University,Canada,58.2,70.5,84.7,63.1,57.2,
251-300,201-250,Aalto University,Finland,62.5,56.3,82.1,60.5,66.3,
251-300,251-300,Arizona State University,United States,56.4,60.3,86.1,66,64.1,
251-300,,Beijing University of Chemical Technology,China (Mainland),60.1,46.7,88.7,82.2,54.2,
251-300,201-250,Brown University,United States,56.6,73,82.9,61.4,42.6,
251-300,201-250,Charles University,Czech Republic,63.8,59.7,74.3,60.2,67.6,
251-300,351-400,COMSATS University Islamabad,Pakistan,54.7,56.7,80.1,62,83.8,
251-300,251-300,Dalian University of Technology,China (Mainland),57.7,51.7,85.1,79.8,44.1,
251-300,251-300,École Normale Supérieure de Lyon,France,57.1,65.7,80.6,57.3,60,
251-300,201-250,Emory University,United States,57.1,52.6,94.3,69.4,55,
251-300,201-250,Ewha Womans University,South Korea,57.3,57.4,97.9,73.7,39.5,
251-300,301-350,Indian Institute of Technology Guwahati (IITG),India,66.4,63.6,79.3,62.3,30.4,
251-300,251-300,Iowa State University,United States,59.3,59.8,84.2,66,51,
251-300,251-300,Istanbul Technical University,Turkey,61,72,73,48.8,60.9,
251-300,251-300,Jagiellonian University,Poland,60.1,59.5,74.5,59.3,70.7,
251-300,201-250,Julius-Maximilians-Universität Würzburg,Germany,61.6,50.8,83.9,66.7,66.9,
251-300,251-300,Khalifa University of Science and Technology,United Arab Emirates,57.6,62.6,82.8,57.3,72.3,
251-300,251-300,National Cheng Kung University (NCKU),Taiwan,62,68.3,78.2,57.7,45,
251-300,251-300,National Taiwan University of Science and Technology (Taiwan Tech),Taiwan,62.6,60.2,79.4,54.5,54,
251-300,251-300,Norwegian University of Science And Technology,Norway,61.7,62,80.2,56.7,63.3,
251-300,251-300,Quaid-i-Azam University,Pakistan,58.1,59.7,81,61.4,69.4,
251-300,251-300,Queen's University at Kingston,Canada,62.9,69.4,79.5,56,39.8,
251-300,301-350,Radboud University ,Netherlands,58.1,55.7,84.1,62.3,59.1,
251-300,251-300,Swansea University,United Kingdom,57.2,74.5,78.1,54.2,64.5,
251-300,251-300,Technical University of Darmstadt,Germany,59.9,60.9,76.7,57.3,66.4,
251-300,351-400,Tecnológico de Monterrey,Mexico,62.9,80.8,67.2,43.8,52.3,
251-300,351-400,"The University of Newcastle, Australia (UON)",Australia,56.1,64.7,84.9,58.7,53.8,
251-300,201-250,The University of Western Australia,Australia,59.2,66.5,81.3,58.7,64.4,
251-300,251-300,TU Dortmund University,Germany,54.5,63.6,78,57.3,78.7,
251-300,251-300,UNESP,Brazil,59.6,69.6,74.7,61.7,52.8,
251-300,301-350,Universidade de Santiago de Compostela,Spain,57.5,57.7,80.8,59.9,69.2,
251-300,251-300,Università degli Studi di Perugia,Italy,60,49.9,79.9,57.7,76.4,
251-300,301-350,Universität Leipzig,Germany,57.9,54.8,78.8,58,79.6,
251-300,201-250,Universität Stuttgart,Germany,59.8,60.7,78,58.7,67.2,
251-300,251-300,Université de Rennes 1 (University of Rennes),France,64.5,39.6,81.6,66.2,79,
251-300,251-300,University of Aveiro,Portugal,56.5,51,81.6,63.9,84.5,
251-300,251-300,University of Bern,Switzerland,60.3,63.9,82.3,58.7,56.3,
251-300,201-250,"University of Chemistry and Technology, Prague",Czech Republic,64.5,58.2,77.5,62,60.4,
251-300,251-300,University of Granada,Spain,59,50.9,80.1,61.1,74.6,
251-300,251-300,University of Naples - Federico II,Italy,54,63.1,79.6,65.7,77.4,
251-300,251-300,University of Notre Dame,United States,57.3,65.7,86.9,65.7,47,
251-300,251-300,University of Oslo,Norway,60.7,55,81.5,61.1,68.5,
251-300,251-300,University of Science and Technology Beijing,China (Mainland),55.6,57.1,86.8,79.3,52.9,
251-300,251-300,University of Tsukuba,Japan,62.9,59.6,76.4,58,55.4,
251-300,201-250,University of Turin,Italy,61.7,52.6,81.4,62,68.9,
251-300,251-300,University of Utah,United States,58.4,51.6,86.3,68.6,56.5,
251-300,301-350,University of Warsaw ,Poland,60.2,60.8,73.6,56.3,66.9,
251-300,301-350,Ural Federal University - UrFU,Russia,59.5,72.9,65.4,54.2,70.7,
251-300,201-250,Vanderbilt University,United States,53.1,59.9,88.2,66.2,60.2,
251-300,201-250,Vrije Universiteit Amsterdam,Netherlands,60.4,58.5,87.8,62.3,58.1,
251-300,251-300,Waseda University,Japan,62.8,70.7,79.5,58,43.2,
251-300,251-300,Washington University in St. Louis,United States,59.8,57.5,89.8,63.6,54.9,
251-300,201-250,Weizmann Institute of Science,Israel,68.5,42.1,90.3,67.2,45.7,
301-350,301-350,Academy of Sciences of the Czech Republic,Czech Republic,55.8,51.5,74.7,67.6,82.6,
301-350,351-400,Aristotle University of Thessaloniki,Greece,55.4,57.8,78.9,53.8,66.3,
301-350,301-350,Beijing Normal University ,China (Mainland),53.6,55.2,87.9,72.4,47.7,
301-350,301-350,Brno University of Technology,Czech Republic,55.9,63.3,77.2,57.7,66.5,
301-350,301-350,Case Western Reserve University,United States,50,59.2,87.9,63.9,56.4,
301-350,301-350,Eberhard Karls Universität Tübingen,Germany,56.5,58.5,80.1,60.5,63.3,
301-350,301-350,Florida State University,United States,53.1,54.7,88.5,66.7,57,
301-350,301-350,Graz University of Technology,Austria,56.5,51.6,82.7,60.2,61,
301-350,301-350,Griffith University,Australia,49.9,52.2,91.3,65.2,69.5,
301-350,301-350,Indiana University Bloomington,United States,54.9,63.1,84.1,61.4,49.7,
301-350,301-350,Instituto Politécnico Nacional (IPN),Mexico,56.2,76.7,71.3,51,48.3,
301-350,251-300,ITMO University,Russia,55.7,66.2,77.3,54.9,67.1,
301-350,251-300,Keio University,Japan,60.9,68,76.7,56,36.1,
301-350,301-350,Kyung Hee University,South Korea,50.8,58.1,83.9,69,54.4,
301-350,301-350,Loughborough University,United Kingdom,52.3,72,78.8,56,58.8,
301-350,351-400,Mendeleev University of Chemical Technology,Russia,68.1,72.8,60,44.9,43.4,
301-350,351-400,Moscow Institute of Physics and Technology (MIPT / Moscow Phystech),Russia,56.4,74.9,69.4,50.5,54.2,
301-350,251-300,National Research Tomsk Polytechnic University,Russia,60.9,67.8,65.3,47.4,59.9,
301-350,351-400,National University of Sciences And Technology (NUST) Islamabad,Pakistan,61.4,64.9,71.5,51.8,56.2,
301-350,251-300,National Yang Ming Chiao Tung University,Taiwan,57.7,66,77.6,62,45.9,
301-350,251-300,Philipps-Universität Marburg ,Germany,59,49.6,84.6,61.7,55.1,
301-350,301-350,Rheinische Friedrich-Wilhelms-Universität Bonn,Germany,53.7,58.7,84.2,61.4,67.2,
301-350,251-300,Shandong University,China (Mainland),51.8,54.7,84.5,78.7,55.7,
301-350,251-300,Tomsk State University,Russia,63.5,69.1,66.7,45.4,61.8,
301-350,301-350,Tongji University,China (Mainland),54.7,52.6,89.1,78.7,44.4,
301-350,301-350,Universidad de Concepción,Chile,59.3,70.4,69.1,46.4,63.4,
301-350,251-300,Universidad de Córdoba - España,Spain,66.2,40.5,82.6,59.6,52.4,
301-350,351-400,Universidad de Santiago de Chile (USACH),Chile,62.1,76.3,66.8,47.4,42,
301-350,251-300,Universidad de Zaragoza,Spain,54.9,53.1,80.6,60.2,66.6,
301-350,301-350,Universidad Nacional de La Plata (UNLP),Argentina,62.8,69.8,71.8,50.1,47.5,
301-350,301-350,Universidade Federal de São Carlos (UFSCar),Brazil,58.5,57.2,78,62.5,55.7,
301-350,251-300,Universidade Nova de Lisboa,Portugal,54.2,60.7,78.4,55.6,63.8,
301-350,301-350,Universität Jena,Germany,55.5,43.5,82.8,65.7,81.3,
301-350,351-400,Universiti Teknologi PETRONAS (UTP),Malaysia,58.7,59.1,77.6,51,67.8,
301-350,351-400,University College Cork,Ireland,58.4,72.2,71.7,52.6,43.3,
301-350,251-300,University Duesseldorf,Germany,58.3,44.7,81.6,59.9,76.6,
301-350,251-300,University of Antwerp,Belgium,52.3,58.4,86.1,59.9,73.1,
301-350,351-400,University of Cologne,Germany,56.5,59.3,82.2,58.7,48.2,
301-350,351-400,University of Delaware,United States,56.1,52.5,86.9,64.7,51.5,
301-350,351-400,University of Delhi,India,61.3,60.4,76.8,58.3,45.9,
301-350,301-350,University of Gothenburg,Sweden,59.3,57.9,77.3,56.7,61.4,
301-350,301-350,University of Houston,United States,55.7,55.8,87.6,63.4,57.8,
301-350,301-350,University of Limerick,Ireland,52.5,64.8,77.4,53.8,78.7,
301-350,251-300,University of Otago,New Zealand,60.4,62.5,71.8,51.4,59.5,
301-350,301-350,"University of Rome ""Tor Vergata""",Italy,52.5,65.6,82.8,62.5,43.8,
301-350,301-350,University of Tehran,"Iran, Islamic Republic of",53.1,47.5,81.9,69.9,68.5,
301-350,251-300,University of the Basque Country,Spain,55.3,43.3,81.7,68.8,83.8,
301-350,351-400,Virginia Polytechnic Institute and State University,United States,51.4,64.3,86.4,64.2,44.6,
301-350,301-350,Warsaw University of Technology,Poland,62.1,65.1,68.8,50.1,59,
351-400,351-400,Ain Shams University ,Egypt,53.5,65.3,72,53.4,60.2,
351-400,351-400,Beihang University (former BUAA),China (Mainland),50.8,53.8,87.2,74.3,42.9,
351-400,401-450,Bilkent University,Turkey,57.2,66.7,73.9,46.9,50.2,
351-400,351-400,Budapest University of Technology and Economics,Hungary,52.1,60.1,76.7,52.6,66.1,
351-400,451-500,Central South University,China (Mainland),46.1,47.7,88,81.7,49.4,
351-400,301-350,City University of New York,United States,52.2,50.7,84.9,64.2,61.4,
351-400,,Daegu Gyeongbuk Institute of Science and Technology (DGIST),South Korea,55.3,75.2,76,51.4,34.8,
351-400,301-350,East China Normal University,China (Mainland),48.3,43.4,91.3,79.5,50.9,
351-400,301-350,Gwangju Institute of Science and Technology (GIST),South Korea,58.9,58.3,81.5,54.9,35.1,
351-400,351-400,Indian Institute of Technology Roorkee (IITR),India,57,63.8,78.1,57,42.6,
351-400,301-350,Inha University,South Korea,52.5,62,84.4,62.5,35.6,
351-400,301-350,"Institute of Chemical Technology (UDCT), Mumbai",India,54.5,59.4,79.4,58.7,43.9,
351-400,401-450,Jeonbuk National University,South Korea,53.1,56.6,82.4,59.6,46.7,
351-400,,Jiangnan University,China (Mainland),47.1,49.5,82.7,74.1,59.9,
351-400,551-600,King Khalid University,Saudi Arabia,49.6,67.9,72.9,56.3,71.2,
351-400,351-400,Leibniz University Hannover,Germany,50.7,53.2,82.2,59,65.2,
351-400,351-400,Mahidol University,Thailand,60.9,58.9,75.1,55.6,33.6,
351-400,401-450,Martin-Luther-Universität Halle-Wittenberg,Germany,53,52.1,78,58,80.1,
351-400,401-450,Middle East Technical University,Turkey,59.8,69.5,68.8,45.4,39.3,
351-400,301-350,Northeastern University,United States,53.3,54.2,86.6,63.1,51.9,
351-400,401-450,Northwestern Polytechnical University,China (Mainland),52.4,45.3,87.5,78.4,52.1,
351-400,301-350,Pusan National University,South Korea,53,59.4,79.9,63.4,47.1,
351-400,451-500,Shenzhen University,China (Mainland),47.4,39.3,91.6,82.2,61,
351-400,301-350,Soochow University,China (Mainland),51.7,30.8,93.3,87.7,56.2,
351-400,301-350,Southeast University,China (Mainland),53.1,46.8,87.6,78.2,43.3,
351-400,501-550,SRM INSTITUTE OF SCIENCE AND TECHNOLOGY,India,55.1,62.5,80.5,57,47.7,
351-400,351-400,Technische Universität Braunschweig,Germany,54.8,52.5,79.5,59.3,61.8,
351-400,401-450,Tel Aviv University,Israel,57.5,45.3,85.1,61.4,53.1,
351-400,301-350,The University of Arizona,United States,51.5,56.3,84.5,59.6,64,
351-400,351-400,"The University of Tennessee, Knoxville",United States,44.8,55,90.3,73.5,57.6,
351-400,351-400,Universidad de Sevilla,Spain,55.1,55.3,77,56.3,58.1,
351-400,351-400,Universidad Nacional de Colombia,Colombia,59.3,78.8,67.2,43.8,41.1,
351-400,351-400,Universidade Federal de Minas Gerais      ,Brazil,55.7,60.6,74.7,56.7,42.3,
351-400,301-350,Università degli Studi di Pavia,Italy,48.6,58.2,83,60.5,68.1,
351-400,351-400,Universität Duisburg-Essen,Germany,55.1,40.4,83.5,61.1,65.4,
351-400,351-400,Université de Liège,Belgium,53.8,60.5,78.1,54.9,57.8,
351-400,351-400,Universite libre de Bruxelles,Belgium,52.3,66.4,71.3,52.2,58.2,
351-400,301-350,University at Buffalo SUNY,United States,51.7,51.6,86.8,65,50,
351-400,401-450,University of Bayreuth,Germany,54.5,44.1,82.8,60.5,62.9,
351-400,301-350,"University of California, Riverside",United States,50.8,46,92.3,72,50.2,
351-400,301-350,University of Coimbra,Portugal,53,57.5,77.5,58,63.9,
351-400,401-450,"University of Missouri, Columbia",United States,57,48,81.8,58.3,56.6,
351-400,401-450,University of South Australia,Australia,51.8,57.1,80.6,56.7,57,
351-400,351-400,University of Texas Dallas,United States,53.7,56.1,82.5,60.8,45.8,
351-400,301-350,University of Virginia,United States,50.9,55.2,86.4,65.7,47.3,
351-400,301-350,University Ulm,Germany,58.5,48,85.6,59,54.2,
351-400,351-400,Vellore Institute of Technology (VIT),India,50.9,62.1,77.2,61.1,53.9,
351-400,301-350,Vrije Universiteit Brussel (VUB),Belgium,56.7,56.8,78.4,55.6,54.2,
351-400,351-400,Wuhan University of Technology,China (Mainland),48.9,41.8,93.8,81.1,57,
401-450,401-450,Abo Akademi University,Finland,61.3,44.4,71.7,52.2,60.2,
401-450,401-450,Ankara Üniversitesi,Turkey,56.1,59.6,68.1,49.2,50.5,
401-450,451-500,Anna University,India,45.6,58.7,74,62.3,65.4,
401-450,351-400,Beijing University of Technology,China (Mainland),45.8,58,88.1,71.6,42,
401-450,401-450,Christian-Albrechts-University zu Kiel,Germany,47.1,53.7,80.6,60.8,61.7,
401-450,351-400,Colorado State University,United States,49.9,52.8,88.6,66,42.9,
401-450,351-400,Dalhousie University,Canada,51.8,56,83.5,57,48.6,
401-450,401-450,Gdańsk University of Technology,Poland,49.5,50.5,79.2,55.6,75.5,
401-450,451-500,Hacettepe University ,Turkey,51.8,63.8,72.4,52.2,48,
401-450,401-450,Hiroshima University,Japan,58,57.3,70.1,49.7,44.8,
401-450,451-500,Iran University of Science and Technology,"Iran, Islamic Republic of",53.4,49,81,60.8,45.9,
401-450,401-450,Jadavpur University,India,57.8,53.9,76,57,42.6,
401-450,351-400,Kazan (Volga region) Federal University,Russia,61.2,61.6,61.8,46.4,45.2,
401-450,401-450,Kyungpook National University,South Korea,51.4,56.4,79.6,61.4,42.2,
401-450,351-400,Lanzhou University,China (Mainland),53.2,33.1,88.2,77.7,47.4,
401-450,351-400,Masaryk University,Czech Republic,49.7,55.9,81.7,58.7,57.4,
401-450,501-550,Nanjing Tech University,China (Mainland),49.5,31.9,89.4,83.1,52.9,
401-450,401-450,National and Kapodistrian University of Athens,Greece,52.5,56.4,76.5,54.2,61.7,
401-450,451-500,National Chung Hsing University,Taiwan,55.8,57.1,77.6,51.4,43.4,
401-450,351-400,National Sun Yat-sen University,Taiwan,58.5,58.6,75.3,51.8,37.8,
401-450,401-450,Oregon State University,United States,46,48.4,88,62.5,61.2,
401-450,351-400,Palacký University Olomouc,Czech Republic,45.2,50.4,84.7,61.7,75.3,
401-450,401-450,Sharif University of Technology,"Iran, Islamic Republic of",50,47.5,81.5,59.9,63.6,
401-450,401-450,Simon Fraser University,Canada,55.7,60.3,71,51.8,46,
401-450,401-450,Southern University of Science and Technology,China (Mainland),56.2,24.8,91.1,78.2,50.6,
401-450,451-500,Taras Shevchenko National University of Kyiv,Ukraine,51.5,62,70.2,50.5,58.1,
401-450,401-450,The University of Georgia,United States,51.8,52.6,81,59.9,55.2,
401-450,451-500,Tufts University,United States,54.6,54.6,79.4,59.9,31.2,
401-450,401-450,Umea University,Sweden,53.6,58.3,74,52.6,48.8,
401-450,501-550,Universidad Politécnica de Madrid (UPM),Spain,54,69.3,72,43.8,44,
401-450,351-400,Universidade Federal do Rio Grande Do Sul ,Brazil,53.7,50.5,74,55.3,63.2,
401-450,401-450,Universität Bremen,Germany,51.3,57.6,79.3,55.3,53.2,
401-450,301-350,Universität Regensburg,Germany,53.5,36,87.3,67.2,62.1,
401-450,351-400,Université de Lorraine,France,55.4,33.3,76.5,61.4,85.9,
401-450,351-400,Université de Nantes,France,53.6,43.1,81.6,60.8,65.6,
401-450,401-450,Université Laval,Canada,47.3,55.8,79.7,56.7,62.6,
401-450,401-450,University of Alicante,Spain,50.8,46.5,85.7,58,56.3,
401-450,401-450,University of Bari,Italy,56.1,50.6,79.2,53.8,47.5,
401-450,401-450,University of Belgrade,Serbia,52.6,41.3,71.3,56,90.8,
401-450,401-450,University of Cape Town,South Africa,57.2,57.2,67.3,45.9,55.3,
401-450,351-400,University of Galway,Ireland,49.1,67.8,73.1,53,51.5,
401-450,351-400,University of Lausanne,Switzerland,54.5,54.1,75.6,55.3,51.8,
401-450,,University of Milano-Bicocca ,Italy,56.1,56.2,78.2,53.4,46,
401-450,401-450,University of Parma,Italy,55.1,53.4,76.7,54.9,51.4,
401-450,401-450,University of Reading,United Kingdom,50.4,67.9,73.4,51.4,50.3,
401-450,401-450,University of South Carolina,United States,48.1,56.6,87.3,63.6,48.2,
401-450,401-450,University of Surrey,United Kingdom,48.6,61.8,79.5,52.6,63.6,
401-450,451-500,University of the Punjab,Pakistan,55.4,64,71.4,51,35.4,
401-450,401-450,Wroclaw University of Science and Technology (WRUST),Poland,50.8,52.2,72,53.8,72,
401-450,401-450,Zhengzhou University,China (Mainland),41.7,44,90.1,86.8,51.8,
451-500,401-450,Ajou University ,South Korea,52,54.9,77.4,57,29.9,
451-500,401-450,Alexandria University ,Egypt,47.6,60.7,74.9,51.4,64.9,
451-500,501-550,Al-Farabi Kazakh National University,Kazakhstan,65.9,65.3,42.6,32.7,47,
451-500,451-500,American University of Beirut (AUB),Lebanon,54.4,68.5,59.4,46.4,38.7,
451-500,501-550,Banaras Hindu University,India,53.1,54.8,75.2,53.4,36.9,
451-500,451-500,Chiang Mai University,Thailand,57.5,57.6,69.4,49.2,37.2,
451-500,451-500,Heriot-Watt University,United Kingdom,46.5,65.9,76.4,53.8,48.9,
451-500,351-400,Hunan University ,China (Mainland),45.1,35.5,96.6,89.1,37.2,
451-500,351-400,Institut National des Sciences Appliquées de Lyon (INSA),France,46.6,59.1,76,53.8,63.4,
451-500,451-500,Kobe University,Japan,50.7,56.6,75.2,51,44.8,
451-500,551-600,Koç University,Turkey,56,65.6,61.6,44.4,40,
451-500,401-450,La Trobe University,Australia,50.8,52.8,76.6,58.3,48.7,
451-500,,Lancaster University,United Kingdom,46,59.1,78.7,54.9,53.1,
451-500,401-450,Macquarie University,Australia,49.1,54.1,79.8,56.3,42.7,
451-500,401-450,Mansoura University,Egypt,49,55.3,73.3,55.3,54,
451-500,451-500,Massey University,New Zealand,54.1,61.1,66.2,48.8,48.3,
451-500,601-630,Medizinische Universität Wien,Austria,49.4,58.9,70.3,53,50.8,
451-500,,Osaka Metropolitan University,Japan,54.4,49.5,76.8,58.7,46.9,
451-500,351-400,Sejong University ,South Korea,45.7,55.7,89.2,57,51.8,
451-500,,Shiraz University,"Iran, Islamic Republic of",49.1,45.9,76.9,56,68.7,
451-500,401-450,Sogang University,South Korea,55.5,64.7,70.5,48.8,36.4,
451-500,301-350,The National University of Science and Technology MISIS,Russia,43.3,62.7,73.1,54.2,65.8,
451-500,451-500,The University of Texas M. D. Anderson Cancer Center,United States,49.8,44.1,80,57.3,57.2,
451-500,451-500,The University of Texas Southwestern Medical Center at Dallas,United States,57.7,41.3,77,56.3,41.3,
451-500,501-550,United Arab Emirates University,United Arab Emirates,52.3,65.3,64.1,43.8,63.4,
451-500,401-450,Universidad Autónoma Metropolitana (UAM),Mexico,53.4,62.3,70.9,48.3,41.1,
451-500,,Universidad de los Andes,Colombia,58.3,75.3,53.7,39.7,35.7,
451-500,401-450,Universidad Nacional de Córdoba - UNC,Argentina,58.4,64.3,65.2,44.9,38.3,
451-500,451-500,Universität Innsbruck,Austria,51.6,45.3,73.8,52.6,68.3,
451-500,501-550,Universität Potsdam,Germany,53.8,34.7,77.2,54.5,66.8,
451-500,501-550,Universität Rostock,Germany,51.2,30.5,82.9,63.6,76.2,
451-500,351-400,Universitat Rovira i Virgili,Spain,49.3,30.6,89.5,69.9,58.4,
451-500,451-500,Universiti Malaysia Pahang,Malaysia,54.9,50.6,71,49.7,61.3,
451-500,401-450,University of Aberdeen,United Kingdom,53.1,57.2,71.5,49.7,53,
451-500,401-450,University of Calcutta,India,54.7,50.3,75.3,55.6,46.7,
451-500,451-500,University of Canterbury | Te Whare Wānanga o Waitaha,New Zealand,54.7,66.4,62.5,45.9,39.3,
451-500,451-500,University of East Anglia (UEA),United Kingdom,48.1,56.5,72.1,54.5,53.9,
451-500,451-500,University of Genoa,Italy,45,52.8,83.6,53.8,60.2,
451-500,451-500,University of Hyderabad,India,59.3,41.9,75.7,52.6,49.6,
451-500,451-500,University of Johannesburg,South Africa,45.9,44.2,81.7,59.9,75.6,
451-500,451-500,University of Jordan,Jordan,51.7,69.7,68.6,41.6,45.6,
451-500,451-500,University of Karachi,Pakistan,55.6,58.2,66.3,43.3,55.2,
451-500,401-450,University of New Mexico,United States,48.6,56.8,82,59,41.4,
451-500,401-450,University of Rochester,United States,49.1,50.2,81.6,59,45.6,
451-500,501-550,University of Saskatchewan,Canada,50.6,42.8,83.2,57.7,52.6,
451-500,451-500,University of Southern Denmark (SDU),Denmark,51.6,51.1,76.2,56.7,49.6,
451-500,451-500,University of Szeged,Hungary,48.1,53.3,75.4,52.2,70.3,
451-500,501-550,University of Tabriz,"Iran, Islamic Republic of",45.9,43.4,82.4,63.1,69.8,
451-500,401-450,University of Tasmania,Australia,53.5,52,76.2,55.6,50,
451-500,351-400,University of Trieste,Italy,51.9,42,80.5,56,68,
451-500,451-500,University of Turku,Finland,56.1,51.9,68.7,50.5,48.5,
451-500,451-500,Victoria University of Wellington,New Zealand,58,63.6,65.2,45.9,35.8,
501-550,501-550,Al-Azhar University,Egypt,44.4,55.1,74.2,56,61,
501-550,451-500,Baylor College of Medicine,United States,46.5,55.3,74.2,51.8,48,
501-550,501-550,Ben-Gurion University of The Negev,Israel,49.2,41.9,80.9,59.6,51.1,
501-550,501-550,"Birla Institute of Technology and Science, Pilani",India,49.1,63.3,74.1,51,35.7,
501-550,401-450,Boston College,United States,52.6,51.2,75.3,59,30.4,
501-550,501-550,Chiba University,Japan,54.5,54,71.1,51,38.7,
501-550,601-630,China Agricultural University ,China (Mainland),44.4,43.9,85.8,68.6,35,
501-550,501-550,Chongqing University,China (Mainland),40.6,39.8,86.3,77.4,48.7,
501-550,501-550,Chonnam National University,South Korea,46.7,48,82.8,58.3,37.8,
501-550,451-500,Drexel University,United States,43.5,45.9,90.5,63.4,42,
501-550,451-500,Dublin City University,Ireland,49.2,66.8,62.2,47.9,47.6,
501-550,551-600,Gadjah Mada University,Indonesia,60.1,65.4,52.7,37.1,27.8,
501-550,501-550,Hong Kong Baptist University,Hong Kong SAR,46,51.9,88.2,66.5,22.6,
501-550,601-630,Imam Abdulrahman Bin Faisal University (IAU) (formerly UNIVERSITY OF DAMMAM),Saudi Arabia,39.2,76.2,72.2,50.1,53.3,
501-550,501-550,Isfahan University of Technology,"Iran, Islamic Republic of",52.2,32.5,81,59.6,57.2,
501-550,551-600,Jawaharlal Nehru University,India,57,56.6,68.8,45.9,29.2,
501-550,501-550,Justus-Liebig-University Giessen,Germany,46.2,33,83.2,60.5,67.4,
501-550,551-600,Kanazawa University,Japan,50.1,44.7,77.7,56,46,
501-550,401-450,Karl-Franzens-Universitaet Graz,Austria,53.1,44.7,71.7,52.2,53.6,
501-550,451-500,Kasetsart University,Thailand,53.2,56.6,71.8,50.1,34.2,
501-550,,King Faisal University,Saudi Arabia,48.4,60.7,63.3,43.8,57.8,
501-550,,Lovely Professional University (LPU),India,57.8,47.7,61,42.7,49.7,
501-550,,Maastricht University ,Netherlands,50.2,56.3,68.8,53,47.5,
501-550,501-550,Rensselaer Polytechnic Institute,United States,47.9,57.8,78.2,57.3,36.8,
501-550,501-550,"Stony Brook University, State University of New York",United States,43.1,44.9,87.3,63.6,51.3,
501-550,501-550,Sultan Qaboos University,Oman,48.9,58.2,65.5,46.9,67.8,
501-550,501-550,Swinburne University of Technology,Australia,38.9,50.6,83.5,62.3,59.5,
501-550,451-500,The University of Exeter,United Kingdom,41.6,61.8,80.9,56,48.7,
501-550,451-500,Universidad de Oviedo,Spain,51.7,43.9,78,56.3,50.3,
501-550,551-600,Universidade de Vigo,Spain,43.6,50.7,78.3,57,54,
501-550,401-450,Universidade Federal de Santa Catarina ,Brazil,53.2,50.7,74.5,51.8,44.7,
501-550,401-450,Universität Konstanz,Germany,54.5,45.4,69.6,48.8,59.2,
501-550,,Université de Caen Normandie,France,45.7,43.4,74.6,51.8,73.1,
501-550,301-350,Université du Québec,Canada,66.9,46.8,54.5,40.4,30.8,
501-550,,"University of Agriculture, Faisalabad ",Pakistan,44.5,55.1,78.6,55.6,52.3,
501-550,451-500,University of Central Florida,United States,44.1,51.7,81.1,56.7,59.2,
501-550,501-550,University of Cincinnati,United States,41.2,48.2,85.2,62.3,52.4,
501-550,451-500,University of Connecticut,United States,39.5,50.5,87.2,63.9,50.9,
501-550,451-500,University of Iowa,United States,49.4,58,74.1,53,39.3,
501-550,451-500,University of Kansas,United States,47.6,55.8,77.5,54.9,34.2,
501-550,401-450,University of Ljubljana,Slovenia,50,41.9,73.7,53.4,65.7,
501-550,551-600,University of Madras,India,50.6,48.3,74.7,54.5,47.3,
501-550,501-550,University of Manitoba,Canada,41.4,63.9,75,52.6,47.4,
501-550,501-550,University of Minho,Portugal,41.6,52.5,82,57.7,61.2,
501-550,501-550,University of Mons ,Belgium,47.6,57.8,69.2,50.5,47.6,
501-550,601-630,University of Nebraska - Lincoln,United States,42.1,48.9,90.3,62,44.1,
501-550,451-500,University of Oregon,United States,47.9,60.3,71.1,55.3,33.6,
501-550,551-600,University of Pretoria,South Africa,47.3,54.4,67.2,49.7,62.2,
501-550,401-450,University of Tartu,Estonia,47.7,51.1,72.6,53.8,56,
501-550,451-500,University of Witwatersrand,South Africa,50.1,51.7,73,48.3,58.2,
501-550,501-550,Vilnius University ,Lithuania,49.8,53.7,68,47.9,53.2,
501-550,551-600,Virginia Commonwealth University,United States,49.1,45.2,77.7,54.5,51.7,
551-600,501-550,"Adam Mickiewicz University, Poznań",Poland,49.1,38.5,73.5,55.3,64.3,
551-600,501-550,AGH University of Science and Technology,Poland,45.1,50.1,70.9,51,66.1,
551-600,551-600,Assiut University ,Egypt,45.9,51.5,75.3,53,48.8,
551-600,451-500,Bandung Institute of Technology (ITB),Indonesia,57.3,59,60.3,41,28.7,
551-600,501-550,Chung-Ang University (CAU),South Korea,40.1,62.5,80,57.7,31,
551-600,501-550,Colorado School of Mines,United States,41.1,60.3,80.3,53.4,40,
551-600,551-600,Czech Technical University in Prague,Czech Republic,55.8,62.1,54.8,31.8,46.7,
551-600,551-600,Dartmouth College,United States,45.6,59.9,74.1,51.8,39.2,
551-600,601-630,Dongguk University ,South Korea,41.7,49.5,82.5,59,52,
551-600,,Donghua University,China (Mainland),41.8,33.4,88.1,72.7,54.4,
551-600,601-630,EGE UNIVERSITY,Turkey,47.8,57.7,67.7,50.5,42.1,
551-600,551-600,"ENSCM, Chimie Montpellier",France,53.8,0,82.9,67.4,86.5,
551-600,551-600,Eötvös Loránd University,Hungary,48.1,57.3,65.6,44.9,52.8,
551-600,501-550,Florida International University,United States,42.6,44.7,80.6,59.3,58.4,
551-600,,Indian Institute of Technology Indore (IIT Indore),India,52.9,47,72.4,52.2,28.3,
551-600,551-600,Japan Advanced Institute of Science and Technology,Japan,53.5,59.3,68.5,42.7,31.8,
551-600,551-600,Kansas State University ,United States,43.9,55.3,70.8,47.9,56.5,
551-600,551-600,Konkuk University ,South Korea,38.4,48.5,82.9,59.6,55.9,
551-600,551-600,Louisiana State University,United States,44.7,47,78,56.7,47,
551-600,501-550,National Taiwan Normal University,Taiwan,61,54,62.8,46.4,14.8,
551-600,551-600,Okayama University,Japan,52.6,43.6,73,52.6,45.4,
551-600,601-630,Panjab University,India,46.4,45.2,78.1,56.7,43.4,
551-600,551-600,Prince of Songkla University,Thailand,47.7,52.9,66.5,46.9,52.9,
551-600,551-600,Renmin (People's) University of China,China (Mainland),40.1,63.1,83.9,62.8,21.2,
551-600,501-550,Rutgers University–Newark,United States,49.2,52.1,71.5,57.7,32.4,
551-600,551-600,Savitribai Phule Pune University,India,47.2,56.4,74.9,53.8,35.3,
551-600,551-600,Shahid Beheshti University (SBU),"Iran, Islamic Republic of",41.6,43.8,78.9,58,60.3,
551-600,601-630,Shoolini University of Biotechnology and Management Sciences,India,55.2,51.9,65.8,45.9,34,
551-600,,South Ural State University (National Research University),Russia,46.1,56.1,63.4,44.4,63.2,
551-600,551-600,Stellenbosch University,South Africa,51.2,52.3,65.1,46.4,54.8,
551-600,601-630,Tarbiat Modares University,"Iran, Islamic Republic of",45.5,33.2,84.1,66.7,55.7,
551-600,601-630,The American University in Cairo,Egypt,57.7,68.7,51.4,36.4,31.1,
551-600,601-630,Universidad del Valle,Colombia,54.8,64.5,59.9,37.8,27.8,
551-600,501-550,Universidad Nacional de Rosario (UNR),Argentina,56.7,58.2,59.5,46.4,28,
551-600,,Universidad Nacional del Litoral,Argentina,53.2,63.2,58.9,42.1,33,
551-600,501-550,Universidade Federal do Paraná - UFPR,Brazil,50.5,53.4,74,49.2,35.1,
551-600,,Universiti Teknologi MARA - UiTM,Malaysia,45.3,52.5,72.7,52.6,48.5,
551-600,501-550,"University of California, Santa Cruz",United States,48.8,48.9,78.6,54.9,29.6,
551-600,,University of Electronic Science and Technology of China,China (Mainland),35.6,40.6,90,75,51.7,
551-600,501-550,University of Kentucky,United States,40.7,52.7,81.7,58,50.3,
551-600,501-550,University of Kwazulu-Natal,South Africa,43.9,40.8,75,55.3,70.7,
551-600,551-600,University of Messina (UniME),Italy,51.4,31.7,76.6,54.2,65.3,
551-600,,University of Namur,Belgium,50.2,51.8,70.6,48.3,45.3,
551-600,501-550,University of Patras,Greece,48,49.9,71.7,46.4,54.4,
551-600,601-630,University of Salerno,Italy,47.3,37.7,79.5,56.7,53.9,
551-600,551-600,University of Victoria (UVic),Canada,45.5,59.4,69.2,51.4,47,
551-600,501-550,University of Wroclaw,Poland,50.3,39.5,75.4,51,55.2,
601-650,551-600,Aligarh Muslim University,India,44.7,42.2,77.6,55.6,54.9,
601-650,551-600,Amirkabir University of Technology,"Iran, Islamic Republic of",43.8,41.8,76.2,56,61.2,
601-650,,Anhui University,China (Mainland),45.5,31.5,87.2,68.6,33.1,
601-650,501-550,Bauman Moscow State Technical University,Russia,60.2,81.4,38,20.8,20.9,
601-650,551-600,Ferdowsi University of Mashhad,"Iran, Islamic Republic of",44.9,37.6,76.8,56.3,60.6,
601-650,551-600,Flinders University,Australia,44.6,47.2,69.5,46.4,60.4,
601-650,551-600,George Washington University,United States,50,55.5,65.9,47.9,34.5,
601-650,,Indian Institute of Technology (BHU) Varanasi,India,46.3,46.5,76.9,56.3,31.1,
601-650,,Institut National des Sciences Appliquées de Toulouse (INSA),France,43,48.1,76.7,54.9,50.1,
601-650,501-550,Islamic Azad University,"Iran, Islamic Republic of",34.9,30.9,77.3,73.9,89.1,
601-650,451-500,Johannes Kepler University Linz,Austria,47.8,50,67.3,47.9,48,
601-650,601-630,Jouf University,Saudi Arabia,58,41.4,62.8,44.4,34.5,
601-650,,Khon Kaen University,Thailand,49.7,53.9,64,45.4,37.7,
601-650,601-630,Lebanese University,Lebanon,51.3,63.3,60.3,44.9,20.8,
601-650,551-600,Lodz University of Technology,Poland,44,41.8,75.9,48.8,61,
601-650,601-630,"Manipal Academy of Higher Education, Manipal, Karnataka, India",India,44.8,57.2,67.9,48.8,42.8,
601-650,601-630,National Central University,Taiwan,48.5,55.7,69,44.9,33.6,
601-650,551-600,National Research Nuclear University MEPhI (Moscow Engineering Physics Institute),Russia,46.8,67,61.1,36.4,48,
601-650,,Peter the Great St. Petersburg Polytechnic University,Russia,54.4,62.9,53.7,35.7,41.9,
601-650,,Satbayev University,Kazakhstan,71.5,60.4,33.3,23.2,20.9,
601-650,,"Siberian Federal University, SibFU",Russia,48.8,54,63.8,42.1,44.9,
601-650,,Skolkovo Institute of Science and Technology,Russia,48.3,48.5,74.9,52.6,32.8,
601-650,551-600,Southern Federal University,Russia,46.8,50.1,64,43.8,62.6,
601-650,551-600,Temple University,United States,39.9,51.7,82.6,57.3,42.7,
601-650,551-600,Tokyo Metropolitan University,Japan,51.2,42.6,68.7,50.1,38.8,
601-650,551-600,Tulane University,United States,46.7,51.8,70.4,48.8,47,
601-650,,Universidad Autónoma de Nuevo León,Mexico,47.9,66.8,61,44.9,30.4,
601-650,601-630,Universidade Federal de Santa Maria,Brazil,48.8,35.3,74.5,52.6,50.1,
601-650,,Universidade Federal de São Paulo,Brazil,51.2,54.4,65.2,42.1,38,
601-650,,Universitas Indonesia,Indonesia,61.9,67.3,44.4,30.1,16.6,
601-650,551-600,Universität des Saarlandes,Germany,47,26.6,80.5,57.7,68.2,
601-650,501-550,Universität für Bodenkultur Wien,Austria,46.4,41.5,74.1,51.4,62.6,
601-650,501-550,Université Côte d\'Azur,France,57.3,37.5,64,43.8,51,
601-650,,Université de Fribourg,Switzerland,51.6,34.1,75.2,53.8,41.7,
601-650,,Université de Tunis El Manar,Tunisia,53.3,33.5,69.8,46.4,55.3,
601-650,501-550,University of Akron,United States,44.3,48.5,80.9,54.5,40.6,
601-650,,University of Calabria,Italy,42.1,41.9,78.3,53.4,63,
601-650,551-600,University of Eastern Finland,Finland,46.7,46.4,69.6,51,57,
601-650,551-600,University of Guelph,Canada,40.2,65.9,74.2,48.3,40.9,
601-650,551-600,University of Hull,United Kingdom,48.8,45.7,66.1,49.7,55.9,
601-650,501-550,University of Leicester,United Kingdom,45.5,53.4,69.6,51,49.5,
601-650,551-600,University of Mississippi,United States,48.2,45.5,68.2,49.7,54,
601-650,551-600,University of Oulu,Finland,50.4,43.6,67.3,46.4,56.5,
601-650,601-630,University of Palermo,Italy,41.2,42.9,81.5,56.7,51.7,
601-650,,University of Seoul ,South Korea,49.4,56,63.6,44.9,35.2,
601-650,,University of Sharjah,United Arab Emirates,49,61.8,61.3,40.4,42.1,
601-650,601-630,University of South Africa,South Africa,45.3,47.9,70.3,47.9,56,
601-650,401-450,University of South Florida,United States,37.4,40.8,87.9,65.2,56.8,
601-650,451-500,University of Zagreb,Croatia,43,42.9,72,53,69.9,
601-650,601-630,Viet Nam National University Ho Chi Minh City (VNU-HCM),Vietnam,48,53.3,69.1,47.9,33.1,
601-650,601-630,Yeungnam University ,South Korea,39.4,40.6,82.3,61.4,62.6,
