Top 500 Universities - Arts & Humanities,,,,,,,,,
2024,2023,Institution,Location,Academic,Employer,Citations,H,International,Score
1,1  ,Harvard University,United States,100,100,84.1,98.7,83,97.9
2,2  ,University of Cambridge,United Kingdom,99.6,95.3,81.5,96.9,94.1,96.9
3,3  ,University of Oxford,United Kingdom,99.8,96.3,80.1,96.5,88.7,96.8
4,4  ,Stanford University,United States,94.6,95.8,93.1,100,65.4,93.7
5,5  ,"University of California, Berkeley (UCB)",United States,96,89.7,89.3,97.6,51.4,92.1
6,6  ,Yale University,United States,95.4,87.2,79.5,88.5,58.9,90.2
7,12  ,Massachusetts Institute of Technology (MIT) ,United States,87.5,98,100,96.1,57.5,89.7
=8,7=,New York University (NYU),United States,94.2,80.8,86.1,96.5,64.7,89.6
=8,9  ,"University of California, Los Angeles (UCLA)",United States,93.5,87.9,80.8,91,60.8,89.6
=10,11  ,UCL,United Kingdom,92,73.7,81.2,96.9,100,88.3
=10,15  ,University of Toronto,Canada,91.1,87.5,80.2,94.9,59.9,88.3
12,10  ,The University of Edinburgh,United Kingdom,94.1,73,82.7,96.1,75,88.2
13,7=,Columbia University,United States,93.3,78.5,79.2,89.5,72.3,87.9
14,13  ,Princeton University,United States,93.4,82.3,82.4,84.4,48.3,87.4
15,14  ,University of Chicago,United States,94.1,79.1,76.4,83.1,46.5,86.6
16,19  ,Sorbonne University,France,91.2,73,70.9,81,87.6,85.1
17,22  ,University of Michigan-Ann Arbor,United States,87.8,78.1,85,91.9,66.7,84.9
18,23  ,University of British Columbia,Canada,86.7,87,78.7,87.9,55.7,84.7
19,17  ,Université Paris 1 Panthéon-Sorbonne ,France,92.8,73.6,64.9,71.2,70.5,84.1
20,16  ,Universidad Nacional Autónoma de México (UNAM),Mexico,93.6,82.7,58.5,63.3,43.6,84
21,29=,University of Amsterdam,Netherlands,86.6,70.5,90.7,96.9,71.1,83.7
=22,18  ,King's College London,United Kingdom,88.9,70.7,76.1,85.1,80.9,83.6
=22,34=,Peking University,China (Mainland),88.7,78.2,87.8,89,29.8,83.6
=22,24=,The University of Melbourne,Australia,87.9,74.3,78.3,89,69.4,83.6
25,28  ,Pontificia Universidad Católica de Chile (UC),Chile,91.1,81.1,63.4,66.2,51.9,83.2
26,21  ,Universidad de Buenos Aires (UBA),Argentina,92.9,79.9,55.8,63.3,49.6,83.1
=27,38  ,The University of Manchester,United Kingdom,83.7,80.8,78.3,86.8,81.2,82.8
=27,24=,University of Pennsylvania,United States,86.6,74.4,81.5,89.5,62.8,82.8
=29,29=,Cornell University,United States,84.7,81,87.2,91.5,41.7,82.5
=29,20  ,Humboldt-Universität zu Berlin,Germany,93.2,61.8,72.6,78.7,57.4,82.5
=29,36=,McGill University,Canada,85.6,82.1,80.5,86.3,44,82.5
=32,34=,The University of Hong Kong,Hong Kong SAR,88.5,72.4,82.3,90,38.3,82.4
=32,42  ,The University of Tokyo,Japan,87.6,84,74,78.7,32.1,82.4
=34,24=,The University of Sydney,Australia,87.2,71.6,76.7,85.1,62.1,81.9
=34,39=,University of Texas at Austin,United States,84.5,76.7,80.2,89.5,62.3,81.9
36,52  ,Tsinghua University,China (Mainland),84.7,81.3,91.1,91.9,19.3,81.8
37,47  ,National University of Singapore (NUS),Singapore,82.1,90.4,80.6,84.4,38.5,81.6
=38,39=,Ludwig-Maximilians-Universität München,Germany,89.2,59.4,77.5,85.7,74.9,81.4
=38,33  ,The Australian National University,Australia,85.8,74.8,75.5,82.5,62.4,81.4
40,59=,Seoul National University,South Korea,87.5,82,76.4,77.9,13.8,81.2
41,27  ,Freie Universitaet Berlin,Germany,92.6,59,69.8,73.3,59.2,81.1
42,32  ,Durham University,United Kingdom,87.1,67.4,77.3,82.5,64.7,81
43,31  ,The London School of Economics and Political Science (LSE),United Kingdom,84.2,76.6,82.2,83.8,49.1,80.7
44,41  ,Sapienza University of Rome,Italy,88,68.6,65.8,78.7,64.7,80.6
45,36=,Leiden University,Netherlands,89.6,57.6,73.7,80.3,73.8,80.5
46,49  ,Universidade de São Paulo,Brazil,85.4,82.9,62.9,72.3,46.1,80.3
47,50=,The Chinese University of Hong Kong (CUHK),Hong Kong SAR,87.5,66.4,79.4,82.5,42.5,80
=48,54=,KU Leuven,Belgium,84.4,65.7,74.4,85.7,78.6,79.7
=48,54=,The University of New South Wales (UNSW Sydney),Australia,80.6,76.3,81,86.8,70.3,79.7
50,48  ,Alma Mater Studiorum - University of Bologna,Italy,85.9,71.6,69.4,75.3,57.7,79.6
51,44=,University of Leeds,United Kingdom,83.4,71.5,76.3,83.1,64.3,79.5
52,58  ,"Trinity College Dublin, The University of Dublin",Ireland,84.9,71.7,73.6,75.3,58.3,79.4
53,57  ,Brown University,United States,85.2,69.2,80.6,81,43.3,79.2
=54,74=,Carnegie Mellon University,United States,76.4,79.5,97.7,99.7,50.4,79.1
=54,44=,Duke University,United States,83.7,70.7,79.6,83.8,50.3,79.1
56,43  ,University of St Andrews,United Kingdom,86.7,63.1,80,75.3,49.4,78.8
57,73  ,Delft University of Technology,Netherlands,80.5,78.7,78.2,78.7,58.3,78.7
=58,63=,Lomonosov Moscow State University,Russia,81.6,90,53.3,63.3,58.1,78.6
=58,44=,University of Vienna,Austria,87.1,58.5,70.6,79.5,67.3,78.6
=60,108  ,Politecnico di Milano,Italy,81.3,82.3,68.4,73.3,51.9,78.5
=60,61=,Université PSL,France,79.8,73.1,75.7,83.1,81,78.5
62,93=,Kyoto University,Japan,84.7,74.5,75.3,73.3,28.8,78.3
63,93=,Waseda University,Japan,84,74.1,79.3,71.2,32.9,78.2
=64,56  ,Monash University,Australia,81.1,73,77.5,84.4,54.6,78.1
=64,65  ,University of Birmingham,United Kingdom,82.2,69.3,77.7,83.8,56.3,78.1
=66,88=,"Nanyang Technological University, Singapore (NTU)",Singapore,75.2,88.2,82.3,86.3,52.3,78
=66,105=,National Taiwan University (NTU),Taiwan,82.3,73.3,83.5,80.3,34.4,78
=66,50=,The University of Warwick,United Kingdom,82.1,67.9,76.9,81.8,65.8,78
69,76=,University of Southern California,United States,81.2,70.4,85.2,89,40.9,77.9
70,81=,The University of Auckland,New Zealand,83.3,67.8,79.7,81.8,42.3,77.8
71,59=,University of Glasgow,United Kingdom,83.3,65.7,78.3,78.7,51.2,77.5
=72,53  ,Complutense University of Madrid,Spain,86.2,67.4,59.4,70,49.4,77.4
=72,61=,Ruprecht-Karls-Universität Heidelberg,Germany,85.8,58.9,78.1,75.3,53.6,77.4
=72,97=,Yonsei University,South Korea,85.4,75.2,71.9,70,9.9,77.4
75,80  ,Fudan University,China (Mainland),84.5,71.5,81.3,76.2,9.6,77.3
76,123=,Korea University,South Korea,84.9,74.3,75.2,73.3,4.9,77.2
=77,72  ,Lancaster University,United Kingdom,81.8,62.7,81.8,85.7,52.2,76.8
=77,66=,Universidad de Chile,Chile,84.3,72.3,61.6,66.2,43.1,76.8
=79,63=,University of Helsinki,Finland,83.3,56.7,73.9,81,75.7,76.7
=79,105=,University of Washington,United States,75,71.6,95.5,97.2,58.3,76.7
=79,66=,University of York,United Kingdom,83.7,57.7,77.1,81.8,60,76.7
82,78=,The University of Sheffield,United Kingdom,79.5,64.3,83.2,85.1,65.8,76.5
83,66=,University of Copenhagen,Denmark,81.1,61.8,76.8,81.8,68.7,76.4
84,81=,University of Wisconsin-Madison,United States,79.1,68.3,79.1,84.4,56.8,76.2
85,100=,Pennsylvania State University,United States,77.1,68.2,79.8,88.5,72,76.1
=86,93=,"University of California, San Diego (UCSD)",United States,76.4,71.9,83.3,85.1,62.3,76
=86,125=,University of Illinois at Urbana-Champaign,United States,76.6,76.2,80.7,90,40.7,76
=88,88=,Boston University,United States,78,73.4,78.5,84.4,44.9,75.9
=88,85=,University of Bristol,United Kingdom,78,69.2,80.3,81.8,61.9,75.9
90,112=,Newcastle University,United Kingdom,77.4,68.9,80.1,81.8,69,75.8
=91,71  ,City University of New York,United States,77.9,67.2,74.5,86.8,69,75.7
=91,109=,The University of Queensland,Australia,78.3,69.1,76.7,82.5,58.8,75.7
=91,109=,University of Reading,United Kingdom,75.9,76.1,79,78.7,62.4,75.7
=94,76=,The University of Exeter,United Kingdom,80.6,61.5,77.3,81,61.1,75.6
=94,97=,Universitat de Barcelona,Spain,80.5,68.2,66.7,74.3,60.8,75.6
=94,109=,Universiti Malaya (UM),Malaysia,80.9,71.5,73.2,77.1,28.8,75.6
97,100=,Johns Hopkins University,United States,73.9,66.1,90.8,95.7,77.2,75.4
=98,84  ,Universidad de los Andes,Colombia,83.6,72.5,65.4,63.3,18.7,75.2
=98,161=,Zhejiang University,China (Mainland),77.3,72.8,77.2,80.3,48.5,75.2
=100,74=,Eberhard Karls Universität Tübingen,Germany,84.6,47.1,79.3,81,56.5,75
=100,78=,Queen Mary University of London,United Kingdom,80.4,66.6,76.9,77.1,38.7,75
=100,138=,The Hong Kong Polytechnic University,Hong Kong SAR,80.7,61.2,79.8,83.1,41.6,75
=100,114  ,The Ohio State University,United States,76.1,71.3,81.2,87.4,49,75
=104,102=,Northwestern University,United States,76.3,70.8,80.7,83.8,52.8,74.9
=104,93=,University of Nottingham,United Kingdom,75.6,68,80.3,84.4,71.9,74.9
=106,99  ,Indiana University Bloomington,United States,82.1,56.5,78.3,81,46.8,74.8
=106,119  ,RMIT University,Australia,80.2,64.3,76.4,77.9,45,74.8
=106,91=,Utrecht University,Netherlands,79.5,58.7,78.4,85.1,62.6,74.8
=109,69=,Georgetown University,United States,81.3,62.1,78.2,81.8,27.4,74.6
=109,91=,Universitat Autònoma de Barcelona,Spain,80.1,62.5,73.1,76.2,57.7,74.6
=109,85=,University of Oslo,Norway,80.5,53.5,76.7,81.8,73.3,74.6
112,104  ,University College Dublin,Ireland,81.4,67.5,73.2,73.3,23.9,74.5
113,88=,Universidad Nacional de Colombia,Colombia,82.5,71.8,63.3,61.7,24,74.4
114,85=,Aarhus University,Denmark,80.8,53.6,78.6,81,60.8,74.2
=115,129=,Arizona State University,United States,74.8,70.6,78.3,84.4,57.1,74.1
=115,69=,SOAS University of London ,United Kingdom,86.7,51.8,74.6,71.2,15.8,74.1
=117,83  ,The New School,United States,86.8,52.5,70.1,63.3,27.4,74
=117,148=,Université de Montréal ,Canada,73.2,69.3,90,94.5,48.2,74
=119,116=,Pontificia Universidad Católica del Perú,Peru,84.2,69.9,55.9,53.8,23.6,73.9
=119,102=,Stockholm University,Sweden,78.9,57.8,74.6,78.7,70.1,73.9
=121,133=,King Abdulaziz University (KAU),Saudi Arabia,78.2,72.5,75.3,74.3,22.9,73.8
=121,182  ,Nanjing University,China (Mainland),80.7,63.9,75.7,74.3,27.7,73.8
=121,133=,University of Groningen,Netherlands,76.9,60.3,81.2,83.8,64.7,73.8
=124,138=,Lund University,Sweden,77.2,64.5,79.3,81,50,73.7
=124,120=,Universidade Federal do Rio de Janeiro,Brazil,79.2,72.4,61.6,63.3,46.5,73.7
=126,140=,Michigan State University,United States,73.5,71,83.8,86.8,50.3,73.6
=126,133=,University of Massachusetts Amherst,United States,76,65.6,83,83.8,48.2,73.6
=126,133=,University of the Arts London,United Kingdom,84.2,63,61.1,60,27.4,73.6
129,123=,Universidade Estadual de Campinas (Unicamp),Brazil,79.2,76.6,58.4,56.1,41.2,73.5
130,153=,University of Zurich,Switzerland,79.1,54.6,79.4,85.1,53.1,73.4
131,167=,Beijing Normal University ,China (Mainland),83.6,52.5,77.9,75.3,23.9,73.3
=132,,Aalto University,Finland,79.4,53.7,88.7,77.9,47.4,73.2
=132,125=,Goethe-University Frankfurt am Main,Germany,79.5,56,72.2,73.3,68.3,73.2
=132,116=,University of Notre Dame,United States,79.2,63.1,75.7,77.9,30.1,73.2
135,112=,Victoria University of Wellington,New Zealand,80.6,55.3,74.4,77.1,46.1,73.1
136,115  ,Albert-Ludwigs-Universitaet Freiburg,Germany,81.2,46.2,85.2,73.3,63.3,73
=137,171=,University of Alberta,Canada,72,74.6,74.9,79.5,64.5,72.9
=137,129=,University of Geneva,Switzerland,78,59.4,76.2,77.9,52.6,72.9
=139,156=,Ghent University,Belgium,76,58.8,77,86.8,63.6,72.8
=139,120=,The University of Arizona,United States,74.8,61,80.3,83.8,67.6,72.8
=139,161=,Università di Padova,Italy,76.2,64.3,70.7,77.1,62.3,72.8
=142,107  ,"Goldsmiths, University of London",United Kingdom,82.9,49.7,77.9,74.3,33,72.7
=142,140=,University of Liverpool,United Kingdom,74.5,64.9,77.4,78.7,67,72.7
144,208=,Shanghai Jiao Tong University,China (Mainland),73.5,71.8,86,84.4,26.5,72.6
=145,153=,HSE University,Russia,70.8,82.2,60.8,74.3,68.9,72.5
=145,185=,Renmin (People's) University of China,China (Mainland),80.1,58.8,76.2,74.3,28.2,72.5
=145,132  ,"University of North Carolina, Chapel Hill",United States,77.6,55.4,79.7,85.7,48.9,72.5
=148,143=,Cardiff University,United Kingdom,75.6,63.8,80.4,79.5,46.5,72.4
=148,143=,Universidad Autónoma de Madrid,Spain,79.2,63.4,64.4,70,41.4,72.4
=148,148=,University of Pittsburgh,United States,76.6,57.6,79.4,82.5,54.8,72.4
=151,176=,City University of Hong Kong,Hong Kong SAR,78.7,60.1,81.9,77.9,21.8,72.3
=151,150  ,L.N. Gumilyov Eurasian National University (ENU),Kazakhstan,84.8,66.2,53,53.8,4.1,72.3
153,161=,University of Warsaw ,Poland,79.9,58.1,59,72.3,56.8,72.2
=154,174  ,"University of California, Irvine",United States,72.7,63.8,86.2,85.7,55.7,72.1
=154,165=,"University of California, Santa Barbara (UCSB)",United States,74.6,64.9,80.5,85.1,38.2,72.1
=154,143=,"University of Maryland, College Park",United States,72.4,62.5,83.7,88.5,64,72.1
=157,143=,Charles University,Czech Republic,79.6,52.2,66.1,75.3,64.2,72
=157,156=,University of Cologne,Germany,79.7,48.7,70.6,77.1,66.4,72
=157,183=,York University,Canada,76.2,63.4,78.4,83.1,30.6,72
160,140=,Ca' Foscari University of Venice ,Italy,82.3,58.8,63.1,63.3,26,71.9
161,256=,KAIST - Korea Advanced Institute of Science & Technology,South Korea,71.9,77.1,82.4,76.2,27.4,71.8
162,143=,Macquarie University,Australia,75.2,57,77,83.1,63.8,71.7
163,151=,Uppsala University,Sweden,77.3,54.3,73.5,75.3,64.2,71.6
=164,129=,Rutgers University–New Brunswick,United States,76.9,54.7,82.4,81,41.4,71.4
=164,133=,Universität Hamburg,Germany,77.9,55.3,73.5,76.2,47.1,71.4
=164,171=,University of Southampton,United Kingdom,70.6,67.4,81.7,83.8,63.7,71.4
167,173  ,Oxford Brookes University,United Kingdom,73,76.4,74,67.6,31.4,71.3
168,125=,University of Virginia,United States,77.5,59.7,75.5,77.1,25.5,71.2
=169,215=,Hanyang University,South Korea,78.4,69,63.4,64.8,12.7,71.1
=169,195=,RUDN University,Russia,71.4,87,59.2,61.7,36.3,71.1
=171,190=,Chulalongkorn University,Thailand,77.1,64.2,67.1,61.7,45,71
=171,169=,Pontificia Universidad Javeriana,Colombia,81,67.2,53.6,51.4,22.6,71
=171,262=,Sungkyunkwan University(SKKU),South Korea,79.1,66.7,64.8,63.3,12.7,71
=171,175  ,Université catholique de Louvain (UCLouvain),Belgium,78.1,55.1,70.2,75.3,44.3,71
=171,156=,University of Granada,Spain,77.7,51.7,65.5,76.2,68,71
=171,197=,University of Technology Sydney,Australia,72.7,64,79.6,78.7,53.3,71
177,167=,Tongji University,China (Mainland),79.6,49.8,76.7,77.1,33.3,70.9
=178,160  ,The University of Western Australia,Australia,73.3,60.9,79.9,81.8,50.7,70.8
=178,169=,University of Salamanca,Spain,79.4,53,66.4,71.2,45.3,70.8
=180,208=,University of Minnesota Twin Cities,United States,71.3,63.7,80.6,84.4,56.2,70.7
=180,231=,Wuhan University,China (Mainland),75.4,60.4,79.6,78.7,31,70.7
182,187=,University of Navarra,Spain,73.7,69.4,67.7,70,43.7,70.6
=183,165=,Al-Farabi Kazakh National University,Kazakhstan,82.8,60.4,51.4,53.8,14.5,70.4
=183,192=,Keio University,Japan,76.6,73.1,59.5,58.1,19.5,70.4
=183,251=,Loughborough University,United Kingdom,71.1,66.3,77,75.3,60.2,70.4
=183,195=,Queen's University at Kingston,Canada,72.8,72.5,76.9,74.3,18.1,70.4
=183,207  ,"University of California, Davis",United States,69,71.7,78.1,83.8,50.8,70.4
=188,256=,Ewha Womans University,South Korea,82,57.3,64.1,63.3,0,70.2
=188,197=,Queen's University Belfast,United Kingdom,72.4,61.5,80,75.3,56.2,70.2
=188,236=,Tecnológico de Monterrey,Mexico,74.3,85.8,54.7,58.1,,70.2
=188,156=,University of Göttingen,Germany,78.6,48.1,72.6,74.3,48.6,70.2
=188,223  ,University of Pisa,Italy,74.8,63.8,67.4,72.3,41.5,70.2
=193,271=,Imperial College London,United Kingdom,64.6,84,86.1,80.3,41,70.1
=193,153=,University of Milan,Italy,77.7,59.4,63,71.2,30.1,70.1
=195,243=,Osaka University,Japan,74.5,71.7,68.1,66.2,18.7,70
=195,120=,Radboud University ,Netherlands,76,46.7,76.9,82.5,62.7,70
197,178=,Universitat Pompeu Fabra (Barcelona),Spain,73.4,59.2,74.4,78.7,48.9,69.8
=198,178=,Jagiellonian University,Poland,78.6,54.2,59.9,70,39.7,69.7
=198,161=,Saint Petersburg State University,Russia,73,75.2,50.3,58.1,54.2,69.7
=200,320=,Kyung Hee University,South Korea,77.3,61.8,66.4,66.2,17.4,69.6
=200,185=,Università Cattolica del Sacro Cuore,Italy,76.8,63.6,64.2,66.2,19.5,69.6
202,236=,University of Galway,Ireland,72.8,65.6,75.3,71.2,34.9,69.5
=203,236=,Concordia University,Canada,73.6,59.4,74.8,74.3,43.7,69.4
=203,227=,National Taiwan Normal University,Taiwan,77,55.2,77.2,76.2,12.7,69.4
=203,178=,Universidad de Santiago de Chile (USACH),Chile,77.2,68.4,57.3,51.4,24,69.4
=203,247=,Western University,Canada,68.5,70.7,77.8,82.5,41.9,69.4
=207,243=,Purdue University,United States,66.4,79,80,77.9,36.1,69.3
=207,192=,Universidad de Sevilla,Spain,77.2,53.9,61.6,68.8,47.4,69.3
=207,236=,University of Ottawa,Canada,69.6,65.5,77.7,80.3,51.3,69.3
=210,201=,Boston College,United States,74.4,58.6,76.1,76.2,29.2,69.2
=210,204=,University of Calgary,Canada,69,73.8,76.7,75.3,32.7,69.2
=210,271=,University of Delhi,India,77.1,67.9,56.6,56.1,18.7,69.2
=210,125=,University of Hawaiʻi at Mānoa,United States,74.2,57.5,74.3,76.2,37.9,69.2
=214,373=,Politecnico di Torino,Italy,69.5,75.4,71.9,68.8,36.3,69.1
=214,178=,Royal Holloway University of London,United Kingdom,75.5,48.6,76.1,77.9,50.4,69.1
=214,176=,The University of Adelaide,Australia,70.5,63.6,79.5,77.9,45.3,69.1
=214,192=,University of Cape Town,South Africa,72.9,59.8,73.9,73.3,47,69.1
=218,283=,HUFS - Hankuk (Korea) University of Foreign Studies ,South Korea,79.3,58.3,60.2,60,14.5,69
=218,340  ,Universiti Sains Malaysia (USM),Malaysia,73.4,63.3,71.2,72.3,30.9,69
220,224=,Universitas Indonesia,Indonesia,75.5,70,57.9,56.1,18.7,68.8
=221,151=,Central European University,Austria,77.6,50,75.4,63.3,34.3,68.7
=221,262=,Eötvös Loránd University,Hungary,74.5,59.3,64.8,71.2,39.5,68.7
=223,236=,University of Illinois at Chicago (UIC),United States,70.7,64.2,79.9,80.3,26.6,68.6
=223,200  ,University of Sussex,United Kingdom,73.1,50.3,81.8,83.8,44.9,68.6
225,297=,Universiti Kebangsaan Malaysia (UKM),Malaysia,74.2,62.4,64.2,66.2,33.8,68.5
=226,213=,American University of Beirut (AUB),Lebanon,69,76.8,68.4,71.2,22.6,68.4
=226,211  ,Queensland University of Technology (QUT),Australia,70.7,59.7,81,80.3,38.2,68.4
=228,224=,Simon Fraser University,Canada,71.1,57.6,79.9,79.5,43.9,68.3
=228,359=,Taylor's University,Malaysia,73.5,68.7,59.7,60,30.1,68.3
=228,189  ,University of Otago,New Zealand,73.8,54.6,78.5,74.3,33.3,68.3
=231,315  ,National Cheng Kung University (NCKU),Taiwan,73.1,65.9,67.4,64.8,25.5,68.2
=231,247=,Scuola Normale Superiore di Pisa,Italy,77.4,61.7,57.2,56.1,18.7,68.2
=233,310=,Erasmus University Rotterdam ,Netherlands,66.1,63.6,85,84.4,61,68.1
=233,204=,University of Bergen,Norway,74.6,47.1,76.7,77.1,47,68.1
=235,203  ,Aix-Marseille University,France,73.9,43.2,76,76.2,72.8,68
=235,190=,"Birkbeck, University of London",United Kingdom,76,43,81.4,81.8,31.2,68
=235,274=,Sun Yat-sen University,China (Mainland),73.6,54.7,76.7,77.9,25.2,68
=235,218=,University of Lisbon ,Portugal,73.8,51,68.1,76.2,54.2,68
=235,224=,University of Turin,Italy,74.2,54.4,64.9,72.3,45.3,68
=240,297=,Aristotle University of Thessaloniki,Greece,73,59.1,69.1,68.8,38.2,67.9
=240,183=,George Washington University,United States,71.4,57.7,81.3,78.7,30.9,67.9
=240,364=,Middle East Technical University,Turkey,67.5,77.6,73.8,70,22.8,67.9
=240,218=,The Hebrew University of Jerusalem,Israel,73.3,49.2,71.2,79.5,55.1,67.9
=244,281=,Boğaziçi University,Turkey,68.4,74.2,67.9,67.6,33.2,67.7
=244,302=,Georgia Institute of Technology,United States,64.1,79.8,85.8,80.3,17.4,67.7
=244,256=,Jawaharlal Nehru University,India,77.4,58.6,61.2,48.6,25.5,67.7
=244,401-450,National Tsing Hua University,Taiwan,72.7,67.7,61.1,61.7,27.4,67.7
=244,236=,Rheinische Friedrich-Wilhelms-Universität Bonn,Germany,75.9,48.5,66.1,67.6,49.6,67.7
=244,215=,University of Bern,Switzerland,71.6,54.1,79.9,74.3,47.1,67.7
=244,262=,University of Florence,Italy,76,52.5,64.1,70,30.9,67.7
=251,243=,Cairo University,Egypt,70.5,71.4,67.2,66.2,20,67.6
=251,227=,Deakin University,Australia,70.6,58.7,78.6,81.8,30.2,67.6
=251,218=,National and Kapodistrian University of Athens,Greece,71.9,59,65.5,66.2,56.6,67.6
=251,251=,Rice University,United States,71.6,60.5,77.4,71.2,27.4,67.6
=251,390=,Ritsumeikan University,Japan,72.3,65.9,84.8,56.1,9.9,67.6
=251,451-500,Sogang University,South Korea,78.2,61.4,56.1,56.1,,67.6
=251,231=,Universidad Nacional de La Plata (UNLP),Argentina,76.4,61,57,53.8,25.5,67.6
=258,316=,"The University of Newcastle, Australia (UON)",Australia,67.9,68.1,78.6,77.1,29.2,67.5
=258,283=,Universite libre de Bruxelles,Belgium,72.4,61.9,68.9,70,25.1,67.5
=258,231=,University of Wollongong,Australia,67,61.5,82.5,77.9,60,67.5
=261,451-500,Indian Institute of Technology Bombay (IITB),India,66.1,84.5,65.6,61.7,26.3,67.4
=261,341=,National Chengchi University,Taiwan,74,57.7,65.2,68.8,27.4,67.4
=261,320=,Texas A&M University,United States,63.9,74.9,77.4,80.3,45.1,67.4
=261,197=,Universität Leipzig,Germany,76.7,45.5,71.6,70,32.7,67.4
=261,293=,University of Naples - Federico II,Italy,72.8,58.3,66.9,72.3,31.8,67.4
=266,352=,Swansea University,United Kingdom,67.5,65.1,77.3,72.3,50.6,67.3
=266,206  ,University of Gothenburg,Sweden,73,47.4,76.1,79.5,46.4,67.3
=268,329  ,Tohoku University,Japan,70.3,69.7,65.3,64.8,27.4,67.2
=268,310=,Universitat Politècnica de Catalunya · BarcelonaTech (UPC),Spain,69.2,64.9,78.5,71.2,29.2,67.2
=268,231=,University of Basel,Switzerland,73.9,48.3,75.6,72.3,41.8,67.2
=268,274=,"University of California, Santa Cruz",United States,71.5,52.2,85.8,77.1,33.2,67.2
272,236=,Gadjah Mada University,Indonesia,76.3,67.5,50.6,51.4,3.5,67.1
=273,218=,Sciences Po ,France,72.8,59.3,66.9,66.2,29.3,67
=273,283=,Universidad Diego Portales (UDP),Chile,73,61.6,61.5,60,36,67
=273,201=,Université Paris Cité,France,71.3,47.8,72.5,81.8,62.7,67
=273,215=,Université Sorbonne Nouvelle Paris 3,France,82.4,35.1,53.9,56.1,45,67
=273,247=,University of Aberdeen,United Kingdom,70.2,59.4,75.1,70,41.8,67
=273,212  ,Vrije Universiteit Amsterdam,Netherlands,71.4,49.1,79.9,82.5,43.6,67
=273,213=,Westfälische Wilhelms-Universität Münster ,Germany,76.2,38.6,73.9,77.1,44.4,67
=280,278=,University of East Anglia (UEA),United Kingdom,71.2,51.4,79.1,78.7,41.4,66.9
=280,261  ,University of Porto,Portugal,72.4,52,72,74.3,41.4,66.9
=282,297=,Emory University,United States,69.8,56.5,75.7,77.9,41.6,66.8
=282,401-450,Nagoya University,Japan,69.1,65.8,84.9,68.8,13.5,66.8
=282,356=,University of Bath,United Kingdom,65.7,66.1,83.2,77.1,42.7,66.8
=282,262=,University of Florida,United States,67.6,60.9,77.4,81,42.8,66.8
=286,316=,Technische Universität Berlin (TU Berlin),Germany,67.5,67.2,78.2,70,30.2,66.6
=286,289=,Universitat de Valencia,Spain,71.7,55.7,66.2,72.3,40.5,66.6
=288,336  ,California Institute of Technology (Caltech),United States,61.5,86.1,77.9,68.8,27.4,66.5
=288,243=,"Sofia University ""St. Kliment Ohridski""",Bulgaria,77,57.3,50.1,51.4,25.5,66.5
=288,254=,Università degli studi Roma Tre,Italy,77.2,45.9,63.3,64.8,27.8,66.5
=288,262=,Université Grenoble Alpes,France,70.1,54.5,74.1,75.3,45.7,66.5
=288,251=,University College Cork,Ireland,71.8,60.2,72.2,66.2,20,66.5
=288,333=,University of Huddersfield,United Kingdom,70.5,56.3,72.7,71.2,42,66.5
=294,281=,Istanbul University,Turkey,74.2,61.9,53,53.8,30.1,66.4
=294,187=,Rhode Island School of Design (RISD),United States,84.5,49.8,38.3,37.6,,66.4
=294,231=,University of Kent,United Kingdom,70.3,55.6,76.4,77.1,32.4,66.4
=294,341=,University of Waterloo,Canada,62,77.9,82.8,81,25.9,66.4
=298,,Chung-Ang University (CAU),South Korea,73.7,60,68.3,64.8,1.2,66.3
=298,262=,Dartmouth College,United States,69.3,62.3,76.7,75.3,17.4,66.3
=298,302=,Griffith University,Australia,69.2,53.8,76.4,78.7,48.7,66.3
=298,310=,Universidad de la República (Udelar),Uruguay,74.4,63.5,50.8,53.8,21.6,66.3
=302,283=, Western Sydney University,Australia,69,54.2,75.3,77.1,50.4,66.2
=302,401-450,Université Paris-Saclay,France,61.4,73.5,78.2,80.3,56,66.2
=302,310=,Universiti Putra Malaysia (UPM),Malaysia,71.2,63.7,66.1,63.3,20.8,66.2
=302,227=,University of Connecticut,United States,68.9,51.9,82.7,77.9,48.2,66.2
=306,260  ,Universidad Iberoamericana IBERO,Mexico,75.5,72,39.4,45.5,,66.1
=306,394=,Universiti Teknologi Malaysia ,Malaysia,68.5,62.5,73.9,73.3,29.3,66.1
=306,356=,University of Canterbury | Te Whare Wānanga o Waitaha,New Zealand,68.7,60,72.8,71.2,42.5,66.1
=309,451-500,Hongik University ,South Korea,77.4,50.2,55.5,53.8,27.4,66
=309,,Istanbul Technical University,Turkey,65.8,76.5,68.1,63.3,27.4,66
=309,283=,Johannes Gutenberg Universität Mainz,Germany,74,40.7,72.4,76.2,46.5,66
=312,316=,Curtin University,Australia,66,59.2,83.8,83.1,39.1,65.9
=312,333=,Stellenbosch University,South Africa,67.1,56.4,69.2,68.8,79.5,65.9
=312,254=,Universidade Nova de Lisboa,Portugal,73,51.2,69.1,70,29.3,65.9
=312,277  ,University of Antwerp,Belgium,70.5,50.7,76.3,77.9,38.7,65.9
=316,330=,Dublin City University,Ireland,67.8,61.2,77.9,74.3,29.5,65.8
=316,297=,University of Lausanne,Switzerland,71.2,52.6,69.4,73.3,36.6,65.8
=316,382=,University of Victoria (UVic),Canada,68.5,60.7,72.8,73.3,31.6,65.8
=319,230  ,Karl-Franzens-Universitaet Graz,Austria,75.6,38,75.3,73.3,32,65.7
=319,364=,King Saud University,Saudi Arabia,66.9,68.8,68.7,68.8,30.6,65.7
=319,297=,UNESP,Brazil,69.9,71.5,55.1,53.8,26.3,65.7
=319,316=,University of Coimbra,Portugal,71.1,49.2,71.3,75.3,43.1,65.7
=319,218=,University of Leicester,United Kingdom,71,46.6,78.5,76.2,44.2,65.7
=319,274=,University of Rochester,United States,67.4,60.7,78.9,76.2,30.1,65.7
=325,401-450,Ateneo de Manila University,Philippines,74.3,64.2,45.3,45.5,27.4,65.6
=325,401-450,Eindhoven University of Technology,Netherlands,65.3,67.2,74.2,71.2,42,65.6
=325,327=,McMaster University,Canada,66.3,64.2,76.6,77.1,29.1,65.6
=325,293=,University of Witwatersrand,South Africa,68.5,56.3,73,75.3,43.3,65.6
=325,208=,Washington University in St. Louis,United States,70.5,48.3,77.7,76.2,41.4,65.6
=330,376=,Manchester Metropolitan University (MMU),United Kingdom,69.1,57.3,75.5,74.3,27.4,65.5
=330,370=,MGIMO University,Russia,68.8,75.7,51.4,51.4,27.4,65.5
=330,280  ,Université Paris-Nanterre,France,76.2,37.7,61.8,64.8,54,65.5
=333,262=,Masaryk University,Czech Republic,72.3,45.1,76.2,66.2,46.8,65.4
=333,320=,The American University in Cairo,Egypt,71.3,74,50.1,53.8,,65.4
=333,256=,Université de Strasbourg,France,74.4,48.3,63.5,64.8,29.3,65.4
=333,359=,University of South Australia,Australia,65.8,58.9,79.9,78.7,44.9,65.4
337,352=,"City, University of London",United Kingdom,66.3,58.7,84.2,78.7,31.6,65.3
=338,347=,Massey University,New Zealand,71.3,50.3,73.7,68.8,33.3,65.2
=338,320=,Tel Aviv University,Israel,71.1,45.2,74.4,82.5,35.4,65.2
=338,359=,Universidade Federal de Minas Gerais      ,Brazil,71.5,62.1,56.1,56.1,29.3,65.2
=338,289=,University of Tartu,Estonia,72,47.3,64.9,71.2,45.7,65.2
=342,302=,Hong Kong Baptist University,Hong Kong SAR,75.4,37.3,76.1,76.2,17.7,65
=342,451-500,Tianjin University,China (Mainland),67.8,61.3,72.4,68.8,29.2,65
=342,341=,Universidad Autónoma Metropolitana (UAM),Mexico,72.9,65.6,44.1,45.5,27.4,65
=342,302=,University of Colorado Boulder,United States,65.7,55.1,77.9,81,53.2,65
=342,302=,Vanderbilt University,United States,68.6,52.1,79.2,83.1,25.4,65
=347,401-450,Kyushu University,Japan,70.9,65.8,51.8,51.4,30.1,64.9
=347,451-500,University of Jordan,Jordan,67.6,76.2,54.4,53.8,18.7,64.9
=347,320=,University of Kansas,United States,68.9,52.3,80.2,76.2,26.6,64.9
=347,262=,Ural Federal University - UrFU,Russia,69.4,69.8,53.2,45.5,37.9,64.9
=351,278=,Abai Kazakh National Pedagogical University,Kazakhstan,80.3,48,42.3,51.4,,64.8
=351,398=,University of the Philippines,Philippines,72.7,63.3,51.7,48.6,19.5,64.8
=353,339  ,École Normale Supérieure de Lyon,France,71.9,54.9,59,58.1,36.1,64.7
=353,271=,Pontificia Universidad Católica de Valparaíso,Chile,73.8,57.3,54.7,51.4,19.5,64.7
=353,401-450,Xiamen University,China (Mainland),70.3,50.7,75.2,71.2,27.4,64.7
=356,333=,"Kingston University, London",United Kingdom,67.9,63.1,67,63.3,29.8,64.6
=356,310=,La Trobe University,Australia,68.2,53.7,74.1,75.3,35.1,64.6
=356,308=,University of Turku,Finland,70.8,42.4,77.3,77.1,41.7,64.6
=359,330=,Ruhr-Universität Bochum,Germany,70.9,40.6,74.8,75.3,51.1,64.5
=359,341=,Universidad de Antioquia,Colombia,71.9,59.9,55.9,58.1,17.4,64.5
=359,320=,University of Iowa,United States,69.6,46.5,76.1,77.1,38.3,64.5
=362,380=,Aalborg University,Denmark,66.1,55.7,77.2,73.3,45.3,64.4
=362,352=,East China Normal University,China (Mainland),72.8,40.9,73.1,70,37.1,64.4
=364,352=,Florida State University,United States,64.2,59,79.3,83.1,36.9,64.3
=364,337=,Nottingham Trent University,United Kingdom,65.1,55.8,80.2,77.1,46.1,64.3
=364,373=,University of Surrey,United Kingdom,64.1,61.4,77.8,72.3,46.9,64.3
=367,350=,American University,United States,69.2,64.5,65.7,64.8,,64.2
=367,347=,"Lingnan University, Hong Kong",Hong Kong SAR,74,47,62.3,60,25.5,64.2
=367,247=,Universität Konstanz,Germany,73.5,37.4,74.1,67.6,40.2,64.2
=370,401-450,Norwegian University of Science And Technology,Norway,65.8,55.2,74,76.2,45.5,64.1
=370,293=,Université du Québec,Canada,67.6,57.2,70.9,67.6,33.7,64.1
=370,262=,Université Lumière Lyon 2,France,76.6,34.3,59.6,61.7,42.7,64.1
=370,293=,University of Oregon,United States,66.8,54.7,76.9,77.9,30.2,64.1
=370,320=,University of Southern Denmark (SDU),Denmark,69.2,48.1,74.2,71.2,41.7,64.1
=375,401-450,American University of Sharjah,United Arab Emirates,65.4,69.6,64.4,61.7,27.4,64
=375,389  ,Kazan (Volga region) Federal University,Russia,66.8,62.2,59.9,66.2,40.8,64
=375,283=,Pontifícia Universidade Católica do Rio de Janeiro,Brazil,73.5,63.2,51.6,45.5,,64
=375,359=,Université de Toulouse II-Le Mirail,France,73.5,39.7,62.9,64.8,47.9,64
=375,364=,Vilnius University ,Lithuania,70.1,55,60,60,39.5,64
=380,401-450,Bauman Moscow State Technical University,Russia,68.5,86.9,35.1,37.6,,63.9
=380,401-450,Vrije Universiteit Brussel (VUB),Belgium,66,51,79.7,76.2,48.3,63.9
382,376=,Université Laval,Canada,65.5,57.3,76.8,75.3,32.9,63.8
=383,289=,Colegio de México,Mexico,81.3,44.6,42.2,37.6,,63.7
=383,401-450,KTH Royal Institute of Technology ,Sweden,64.4,65,74.5,67.6,27.4,63.7
=383,,RWTH Aachen University,Germany,60.5,68.8,79.6,76.2,38.5,63.7
=383,401-450,Shandong University,China (Mainland),69.2,55.3,66.9,61.7,29.2,63.7
=383,382=,Universidade Federal do Rio Grande Do Sul ,Brazil,70.9,54.4,61.1,64.8,15.8,63.7
=383,359=,"University of California, Riverside",United States,67.5,48.7,75.5,74.3,44.4,63.7
=383,401-450,University of Limerick,Ireland,68,58.1,70.5,68.8,16.1,63.7
=383,,University of Science and Technology of China,China (Mainland),62.9,63.7,81.1,77.1,26.3,63.7
391,341=,University of Pretoria,South Africa,64.7,58.5,66.9,66.2,61.3,63.6
=392,376=,Babes-Bolyai University,Romania,66.1,61.3,60,66.2,41.6,63.5
=392,,Heriot-Watt University,United Kingdom,63.2,60.2,88.2,73.3,27.8,63.5
=392,401-450,Koç University,Turkey,64.7,69.7,66.5,61.7,22.8,63.5
=392,501-520,Sichuan University,China (Mainland),68.9,50.1,67.1,67.6,41.2,63.5
=392,337=,Universidade de Santiago de Compostela,Spain,71.7,48.8,60.8,63.3,28.2,63.5
=392,382=,University of the Basque Country,Spain,66.9,45.4,75.4,82.5,48.2,63.5
=398,451-500,Beijing Foreign Studies University,China (Mainland),77.1,39.2,52.5,56.1,22.6,63.4
=398,388  ,Bilkent University,Turkey,65.5,69.1,61.6,60,22.6,63.4
=398,350=,Universidad Nacional de Córdoba - UNC,Argentina,71.9,56,54.3,51.4,22.6,63.4
=398,451-500,University of Trento,Italy,64.4,53.9,76.3,76.2,50.4,63.4
401-450,401-450,Academy of Sciences of the Czech Republic,Czech Republic,66.1,53.2,63.4,63.3,45,
401-450,307  ,"Adam Mickiewicz University, Poznań",Poland,72,34.9,59.8,70,54,
401-450,401-450,Auckland University of Technology (AUT),New Zealand,65.5,53.6,80.4,71.2,19.3,
401-450,451-500,Carleton University,Canada,62.9,63.6,73.4,74.3,22.9,
401-450,376=,Christian-Albrechts-University zu Kiel,Germany,68.2,35.9,82.7,68.8,56.8,
401-450,394=,Dalhousie University,Canada,64.8,58.3,75.6,72.3,25.5,
401-450,401-450,De La Salle University,Philippines,68.5,61.3,55,51.4,27.4,
401-450,364=,"Essex, University of",United Kingdom,66.1,47.3,78.5,77.9,46.4,
401-450,451-500,Friedrich-Alexander-Universität Erlangen-Nürnberg,Germany,65.2,52.8,73,72.3,45,
401-450,390=,Georgia State University,United States,64,57,77.2,74.3,23.6,
401-450,451-500,Hacettepe University ,Turkey,64.9,63.6,64.2,61.7,18.7,
401-450,,Indian Institute of Technology Kanpur (IITK),India,60.6,76.5,63.1,58.1,27.4,
401-450,,Indian Institute of Technology Madras (IITM),India,61.8,77.6,66.3,67.6,,
401-450,451-500,Lebanese University,Lebanon,69.5,65.8,47.4,51.4,11.1,
401-450,393  ,Mahidol University,Thailand,67.8,57.2,58.7,60,18.7,
401-450,,Nankai University,China (Mainland),69.5,48,65.9,61.7,25.5,
401-450,,Plekhanov Russian University of Economics,Russia,60.9,74.3,64.6,64.8,39,
401-450,364=,Pontificia Universidad Católica Argentina,Argentina,73.2,64,32.6,37.6,18.7,
401-450,308=,Pratt Institute,United States,80.1,38.7,41.6,48.6,,
401-450,347=,Qatar University,Qatar,67.4,55.6,65.3,66.2,24,
401-450,401-450,Ryerson University,Canada,62.1,65.2,75.2,70,22.8,
401-450,501-520,Shanghai University,China (Mainland),66.6,54.9,69.6,64.8,18.7,
401-450,401-450,Sophia University ,Japan,73.5,56.4,44.4,48.6,,
401-450,401-450,Swinburne University of Technology,Australia,64.7,56.6,74.7,72.3,23.6,
401-450,401-450,Tampere University,Finland,65.8,44.8,80.5,77.9,48.9,
401-450,401-450,Temple University,United States,63.9,50.3,76.9,79.5,44.4,
401-450,,Thammasat University,Thailand,69.9,59.1,52.3,51.4,27.4,
401-450,401-450,The University of Georgia,United States,61.4,60.7,77.5,79.5,27.4,
401-450,401-450,Tilburg University,Netherlands,62.9,54.5,82.6,81.8,37,
401-450,370=,Tomsk State University,Russia,67.2,63.1,57.7,60,25.5,
401-450,401-450,United Arab Emirates University,United Arab Emirates,64.6,66.8,57.4,61.7,27.4,
401-450,398=,Universidad Carlos III de Madrid (UC3M),Spain,66.1,61.4,62.7,60,27.4,
401-450,398=,Universidad de Guadalajara (UDG),Mexico,70.8,58.9,44.4,45.5,27.4,
401-450,451-500,Universidad de La Sabana,Colombia,71.2,64.7,38.9,45.5,18.7,
401-450,401-450,Universidad de los Andes - Chile,Chile,70.9,55.4,48.1,45.5,27.4,
401-450,401-450,Universidad de Zaragoza,Spain,69.9,43.3,63,67.6,39.5,
401-450,501-520,Universidad Nacional Mayor de San Marcos,Peru,70.9,61.7,36.6,41.9,27.4,
401-450,451-500,Universidade Federal de Santa Catarina ,Brazil,66.7,61,59.1,56.1,36.3,
401-450,,Università Commerciale Luigi Bocconi (Bocconi University),Italy,59.2,77.6,73.2,68.8,9.9,
401-450,390=,Università degli Studi di Pavia,Italy,70.6,48.4,65.5,64.8,29.2,
401-450,451-500,Universitat Politècnica de València,Spain,63.5,61.5,69.3,71.2,32.9,
401-450,451-500,Universiti Teknologi MARA - UiTM,Malaysia,69.6,55.8,61,56.1,24,
401-450,380=,University at Buffalo SUNY,United States,67.7,50.5,75,73.3,20.8,
401-450,401-450,University of Belgrade,Serbia,67.4,46.7,61.7,61.7,77.1,
401-450,375  ,University of Bucharest,Romania,66.5,61,57.7,53.8,30.1,
401-450,,University of Macau,Macau SAR,66.7,41.6,81.2,77.1,41.4,
401-450,356=,"University of Rome ""Tor Vergata""",Italy,70.4,50.1,61,60,23.6,
401-450,,University of Tsukuba,Japan,68.9,54,58.8,60,27.4,
401-450,401-450,University of Waikato,New Zealand,65.4,49.5,85.8,70,39.9,
401-450,451-500,Virginia Polytechnic Institute and State University,United States,61.9,61.9,76.3,71.2,39.8,
401-450,332  ,Washington State University,United States,63.1,58,81.7,75.3,31,
401-450,451-500,Xi’an Jiaotong University,China (Mainland),61,57.6,87.7,79.5,49.5,
451-500,401-450,Airlangga University,Indonesia,68.9,65.5,52,45.5,3.5,
451-500,,Ajman University,United Arab Emirates,64.4,84.4,27.5,32.4,27.4,
451-500,,Al Ain University,United Arab Emirates,71.2,61.7,37.3,41.9,9.9,
451-500,,Al-Ahliyya Amman University,Jordan,62.3,85.9,39.5,45.5,,
451-500,,Ankara Üniversitesi,Turkey,67.5,52,54.2,56.1,27.4,
451-500,,Aston University,United Kingdom,60.3,60.7,71.4,68.8,41.2,
451-500,451-500,Australian Catholic University,Australia,65.6,44.2,76.9,72.3,35.2,
451-500,401-450,Bandung Institute of Technology (ITB),Indonesia,69,62.6,47.4,53.8,,
451-500,,Chiang Mai University,Thailand,67.4,57.5,48.6,51.4,27.4,
451-500,382=,European University Institute,Italy,69.8,41.2,66.7,66.2,32.9,
451-500,289=,Fordham University ,United States,67.8,47.6,74.1,66.2,22.6,
451-500,451-500,Hokkaido University,Japan,66.4,65.1,49.3,53.8,26.3,
451-500,,Huazhong University of Science and Technology,China (Mainland),61.8,57.7,80.3,77.9,24,
451-500,,Jilin University,China (Mainland),64.3,57.7,60.3,63.3,36.5,
451-500,394=,Khoja Akhmet Yassawi International Kazakh-Turkish University,Kazakhstan,72.9,57.4,35,45.5,,
451-500,,King Fahd University of Petroleum & Minerals,Saudi Arabia,61.2,73.9,55.9,60,25.5,
451-500,401-450,Maastricht University ,Netherlands,62.2,54.1,79.5,75.3,36.5,
451-500,451-500,Maynooth University,Ireland,65.8,48.8,70,64.8,23.8,
451-500,,National Sun Yat-sen University,Taiwan,66.4,58.6,54.1,58.1,27.4,
451-500,501-520,North Carolina State University,United States,59.9,66.9,77.6,70,23.6,
451-500,401-450,Northumbria University at Newcastle,United Kingdom,66,46.7,77.2,74.3,31.6,
451-500,,Novosibirsk State University,Russia,62.5,69.9,53.2,56.1,21.6,
451-500,451-500,Paul Valéry University Montpellier,France,70.1,41.5,59,58.1,26.6,
451-500,501-520,Pontifícia Universidade Católica de São Paulo,Brazil,67.6,68.1,41.3,45.5,,
451-500,501-520,Southeast University,China (Mainland),67.4,44.7,75.6,70,26.7,
451-500,451-500,"Stony Brook University, State University of New York",United States,64.4,42.7,78.6,80.3,31.8,
451-500,364=,Syracuse University,United States,66.9,45.5,74.5,73.3,27.4,
451-500,394=,Umea University,Sweden,68.2,40.5,73.9,66.2,32.4,
451-500,341=,Universidad Alberto Hurtado,Chile,70.7,48.3,54.9,51.4,25.5,
451-500,401-450,Universidad de Concepción,Chile,65.2,62.2,56.4,56.1,24.6,
451-500,401-450,Universidad de Costa Rica,Costa Rica,73.9,49,38.6,41.9,27.4,
451-500,401-450,Universidade de Brasília,Brazil,69,50.9,57.3,56.1,25.5,
451-500,370=,Universität Innsbruck,Austria,69.7,39.9,70.7,68.8,31.6,
451-500,401-450,Universität Jena,Germany,67.8,40,72.4,70,44.2,
451-500,501-520,Universität Stuttgart,Germany,64.1,55.6,73.8,68.8,27.4,
451-500,,Universiti Utara Malaysia (UUM),Malaysia,65.9,52.7,64,61.7,23.6,
451-500,451-500,University of Brighton,United Kingdom,64.6,52.8,73.2,71.2,27.4,
451-500,451-500,University of Cincinnati,United States,64,44.6,78.8,77.9,31.1,
451-500,451-500,University of Genoa,Italy,65.6,50.5,65.9,67.6,31.6,
451-500,401-450,University of Johannesburg,South Africa,63.2,48.5,71.7,72.3,59.7,
451-500,382=,University of Jyväskylä,Finland,66.4,38.1,77.9,73.3,37.9,
451-500,382=,University of Ljubljana,Slovenia,68.6,41.5,61,67.6,41.8,
451-500,401-450,University of Manitoba,Canada,61.5,66.1,71.2,66.2,26.6,
451-500,401-450,University of Miami,United States,59.3,58.3,78.3,76.2,33.2,
451-500,451-500,University of New England Australia,Australia,61.6,63.3,74.1,66.2,15.4,
451-500,401-450,University of Stirling,United Kingdom,63.4,47,77.4,73.3,44.9,
451-500,501-520,University of Strathclyde,United Kingdom,61,57.4,81.2,77.1,27.8,
451-500,,University of Szeged,Hungary,67.3,56,54.7,58.1,36.5,
451-500,451-500,University of Westminster,United Kingdom,65.2,51.8,68.5,66.2,18.7,
451-500,451-500,University of Wroclaw,Poland,67.8,51.2,57.1,61.7,24,
451-500,451-500,University of Zagreb,Croatia,67.4,41.4,57.1,63.3,54.9,
501-550,,Aberystwyth University,United Kingdom,63.4,53,64.2,61.7,36.3,
501-550,,Beijing Institute of Technology,China (Mainland),60.8,62.5,64.8,66.2,27.4,
501-550,501-520,Coventry University,United Kingdom,60.6,54.9,77.2,72.3,31.4,
501-550,,Dongguk University ,South Korea,69.7,51.7,54.5,53.8,,
501-550,,Doshisha University,Japan,66.5,52.4,65.3,48.6,27.4,
501-550,501-520,Florida International University,United States,59.9,60,71.6,67.6,18.7,
501-550,451-500,Gazi Üniversitesi,Turkey,68.2,50.8,55.8,56.1,14.5,
501-550,,Hitotsubashi University,Japan,67.6,67,35.5,41.9,,
501-550,,Indian Institute of Technology Guwahati (IITG),India,59,70,61.6,61.7,27.4,
501-550,,Institut Polytechnique de Paris,France,52.5,74.5,71.9,68.8,46.1,
501-550,501-520,International Islamic University Malaysia (IIUM),Malaysia,67.6,52.8,56,48.6,25.5,
501-550,,Iowa State University,United States,58.9,59.7,78.6,79.5,19.5,
501-550,401-450,Justus-Liebig-University Giessen,Germany,65.2,38.8,74.6,67.6,43.7,
501-550,,"KIT, Karlsruhe Institute of Technology",Germany,59,63.3,71.6,70,29.3,
501-550,,Kobe University,Japan,65,59.1,52.1,58.1,9.9,
501-550,451-500,Loyola University Chicago,United States,64.8,59.1,65.5,60,,
501-550,401-450,Martin-Luther-Universität Halle-Wittenberg,Germany,67.6,48.8,61.5,60,19.5,
501-550,,National Technical University of Athens,Greece,60.1,62.7,64.8,66.2,25.5,
501-550,,National Yang Ming Chiao Tung University,Taiwan,64.3,62.1,61.6,63.3,,
501-550,,Palacký University Olomouc,Czech Republic,69.9,38.9,60.1,60,31,
501-550,,Pusan National University,South Korea,69.5,53.8,45.9,56.1,,
501-550,,Sunway University,Malaysia,66.1,57.6,47.8,51.4,27.4,
501-550,,Technische Universität Dresden,Germany,59.9,58.2,70.3,67.6,40.5,
501-550,,Technische Universität Wien,Austria,61.6,59.5,61.8,63.3,32.9,
501-550,401-450,The Open University,United Kingdom,63.4,42.2,76.8,77.1,44.4,
501-550,,The University of Alabama,United States,57.9,61.6,77.1,75.3,27.4,
501-550,501-520,Universidad Torcuato Di Tella,Argentina,69.4,66,29.6,32.4,,
501-550,451-500,Universidade Católica Portuguesa - UCP,Portugal,65.9,48,64,58.1,19.5,
501-550,451-500,Universidade Federal Fluminense ,Brazil,65.4,47.8,65.1,63.3,29.2,
501-550,451-500,Universität Bremen,Germany,64.1,35.4,75.6,74.3,61.3,
501-550,,Université de Fribourg,Switzerland,68.5,42.4,68.2,63.3,16.1,
501-550,501-520,Université de Liège,Belgium,63.3,50,73.1,70,32.7,
501-550,451-500,University of Alicante,Spain,65.2,48.9,62.2,66.2,37.9,
501-550,,University of Cyprus (UCY),Cyprus,58.4,58.4,72.7,66.2,55.1,
501-550,,University of Dhaka,Bangladesh,64.1,63.8,44.7,51.4,27.4,
501-550,501-520,University of Haifa,Israel,64.3,43.5,72,79.5,24.3,
501-550,451-500,"University of Missouri, Columbia",United States,60.3,50.6,84.1,78.7,32.9,
501-550,451-500,University of Murcia,Spain,66.2,47.7,62.3,67.6,25.5,
501-550,451-500,University of New Mexico,United States,61.5,49.8,75.8,76.2,36,
501-550,,University of North Texas,United States,62.6,48.4,77.9,77.1,15.8,
501-550,,University of Siena,Italy,67.4,39.3,68.1,67.6,30.2,
501-550,401-450,University of South Carolina,United States,61.3,52.6,79.2,75.3,22.8,
501-550,401-450,University of Tasmania,Australia,64.3,46.2,72.9,67.6,18.1,
501-550,501-520,University of the West of England,United Kingdom,59.1,57,80.4,72.3,23.6,
501-550,451-500,University of Tromsø The Arctic University of Norway,Norway,67.7,29.1,74.7,72.3,45.3,
501-550,,University of Twente,Netherlands,57.6,61.3,78.6,75.3,27.4,
501-550,,Yarmouk University,Jordan,62.8,64.6,48.2,48.6,30.1,
